segment_id,window_start,window_end,duration_min,readings_count,min_speed_ratio,min_flow_ratio,max_queue_ratio
R0382,2026-01-01 06:05:00,2026-01-01 06:10:00,5.0,2,0.6773683211340098,0.45417439703153983,0.0
R0342,2026-01-01 06:05:00,2026-01-01 06:15:00,10.0,3,0.6770942801381175,0.7295656199662536,0.0
R0341,2026-01-01 06:05:00,2026-01-01 06:15:00,10.0,3,0.42639636905224076,0.3291462430599882,0.0
R0385,2026-01-01 06:05:00,2026-01-01 06:15:00,10.0,3,0.6761056829203589,0.3835703906662571,0.0
R0339,2026-01-01 06:05:00,2026-01-01 06:10:00,5.0,2,0.676257229187306,0.6470667257890361,0.0
R0336,2026-01-01 06:05:00,2026-01-01 06:15:00,10.0,3,0.678951963425739,0.3036391427908758,0.0
R0296,2026-01-01 06:05:00,2026-01-01 06:15:00,10.0,2,0.6856870005772064,0.42511701958729464,0.0
R0340,2026-01-01 06:05:00,2026-01-01 06:10:00,5.0,2,0.6754249780014685,0.5812155252751681,0.0
R0388,2026-01-01 06:05:00,2026-01-01 06:15:00,10.0,3,0.6769630712601007,0.5240292615617252,0.0
R0387,2026-01-01 06:05:00,2026-01-01 06:15:00,10.0,3,0.675763896033446,0.2956068681309302,0.0
R0295,2026-01-01 06:05:00,2026-01-01 06:15:00,10.0,3,0.6819474159114254,0.4723296339400028,0.0
R0386,2026-01-01 06:05:00,2026-01-01 06:15:00,10.0,3,0.6754685379522284,0.6283271543679918,0.0
R0335,2026-01-01 06:10:00,2026-01-01 06:15:00,5.0,2,0.6778394664839471,0.6446593538918888,0.0
R0381,2026-01-01 06:10:00,2026-01-01 06:15:00,5.0,2,0.6772556888464261,0.438493330197238,0.0
R0435,2026-01-01 06:15:00,2026-01-01 06:40:00,25.0,4,0.5909678676946406,0.5148119607372503,0.0
R0376,2026-01-01 08:35:00,2026-01-01 09:05:00,30.0,5,0.5890922437660578,0.6405217080578881,0.0
R0137,2026-01-01 15:00:00,2026-01-01 15:35:00,35.0,8,0.6262191119780351,0.5474889083094201,0.0
R0074,2026-01-01 21:55:00,2026-01-01 22:35:00,40.0,7,0.6723879702016216,0.33038944456267294,0.0
R0073,2026-01-01 21:55:00,2026-01-01 22:35:00,40.0,6,0.6728422709368472,0.3734010196084071,0.0
R0071,2026-01-01 21:55:00,2026-01-01 22:25:00,30.0,6,0.6731201104772375,0.41185564481802106,0.0
R0070,2026-01-01 21:55:00,2026-01-01 22:35:00,40.0,4,0.679395008138904,0.28435622037442865,0.0
R0069,2026-01-01 21:55:00,2026-01-01 22:30:00,35.0,5,0.6808706474993027,0.46983838583961324,0.0
R0072,2026-01-01 21:55:00,2026-01-01 22:35:00,40.0,7,0.6723879702016216,0.4375032150442023,0.0
R0023,2026-01-01 21:55:00,2026-01-01 21:55:00,0.0,1,0.6805678190586157,0.6226131959643867,0.0
R0067,2026-01-01 21:55:00,2026-01-01 22:30:00,35.0,7,0.4240691975372275,0.02391189738610555,0.0
R0064,2026-01-01 21:55:00,2026-01-01 22:35:00,40.0,5,0.6730246550453114,0.05471614798318203,0.0
R0024,2026-01-01 21:55:00,2026-01-01 22:35:00,40.0,5,0.6769995750265374,0.3633673850013741,0.0
R0063,2026-01-01 21:55:00,2026-01-01 22:20:00,25.0,4,0.6735865662675851,0.2379164288503709,0.0
R0028,2026-01-01 21:55:00,2026-01-01 22:30:00,35.0,6,0.6720934667616858,0.367281859961025,0.0
R0027,2026-01-01 21:55:00,2026-01-01 22:35:00,40.0,7,0.6733114422946933,0.5662645513982012,0.0
R0068,2026-01-01 22:10:00,2026-01-01 22:35:00,25.0,4,0.6850488357474254,0.0,0.0
R0023,2026-01-01 22:30:00,2026-01-01 22:35:00,5.0,2,0.6849846686596698,0.2726443432124518,0.0
R0412,2026-01-02 08:50:00,2026-01-02 09:20:00,30.0,7,0.5482420702710189,0.4540467615440381,0.0
R0435,2026-01-02 08:50:00,2026-01-02 09:20:00,30.0,7,0.28715401430638654,0.2833826130518837,0.0
R0436,2026-01-02 08:50:00,2026-01-02 09:20:00,30.0,7,0.5409990038423225,0.47547887365790487,0.0
R0413,2026-01-02 08:50:00,2026-01-02 09:20:00,30.0,7,0.5493235696386649,0.5179636119915663,0.0
R0434,2026-01-02 08:50:00,2026-01-02 09:20:00,30.0,7,0.5455810770136251,0.418785752054992,0.0
R0433,2026-01-02 08:50:00,2026-01-02 09:20:00,30.0,7,0.5482219438848839,0.411965867206019,0.0
R0414,2026-01-02 08:50:00,2026-01-02 09:20:00,30.0,7,0.5473535190107477,0.37554353467664725,0.0
R0411,2026-01-02 08:50:00,2026-01-02 09:20:00,30.0,7,0.5450638749728773,0.5036944993010406,0.0
R0406,2026-01-02 12:00:00,2026-01-02 12:20:00,20.0,4,0.5893309127067828,0.4335079032313496,0.0
R0171,2026-01-02 12:50:00,2026-01-02 13:50:00,60.0,12,0.5420452683140011,0.2731674441522518,0.0
R0172,2026-01-02 12:50:00,2026-01-02 13:50:00,60.0,12,0.5504211859354214,0.26568780177125206,0.0
R0177,2026-01-02 12:50:00,2026-01-02 13:50:00,60.0,13,0.283210107903613,0.24031332888308654,0.0
R0218,2026-01-02 12:50:00,2026-01-02 13:50:00,60.0,12,0.5501692746900329,0.3229229867165997,0.0
R0176,2026-01-02 12:50:00,2026-01-02 13:50:00,60.0,12,0.5340258878863828,0.44169941659104595,0.0
R0221,2026-01-02 12:50:00,2026-01-02 13:50:00,60.0,13,0.5347662625443288,0.4736153113039402,0.0
R0175,2026-01-02 12:50:00,2026-01-02 13:50:00,60.0,13,0.5354693389205009,0.2812451194413691,0.0
R0222,2026-01-02 12:50:00,2026-01-02 13:50:00,60.0,13,0.5346032333651649,0.38844232415055047,0.0
R0223,2026-01-02 12:50:00,2026-01-02 13:50:00,60.0,13,0.5338151506542181,0.4567618417400131,0.0
R0217,2026-01-02 12:50:00,2026-01-02 13:50:00,60.0,13,0.540997521706375,0.4489155237382215,0.0
R0131,2026-01-02 12:50:00,2026-01-02 13:50:00,60.0,12,0.5397454416202194,0.21556141542784102,0.0
R0178,2026-01-02 12:55:00,2026-01-02 13:50:00,55.0,12,0.5342882086284249,0.3140944735133674,0.0
R0132,2026-01-02 12:55:00,2026-01-02 13:50:00,55.0,12,0.538722632172441,0.4293205939722421,0.0
R0224,2026-01-02 12:55:00,2026-01-02 13:50:00,55.0,11,0.5354372490208159,0.2265948886014698,0.0
R0199,2026-01-02 14:50:00,2026-01-02 14:50:00,0.0,1,0.5892063635644103,0.7376348383250403,0.0
R0037,2026-01-02 16:40:00,2026-01-02 17:35:00,55.0,11,0.5488415223354146,0.4344821097310101,0.0
R0038,2026-01-02 16:40:00,2026-01-02 17:35:00,55.0,12,0.5518687591495417,0.4306914936924978,0.0
R0041,2026-01-02 16:40:00,2026-01-02 17:35:00,55.0,12,0.5457663537441543,0.47287903332493,0.0
R0042,2026-01-02 16:40:00,2026-01-02 17:35:00,55.0,12,0.5474885325302088,0.5045725587323358,0.0
R0043,2026-01-02 16:40:00,2026-01-02 17:35:00,55.0,12,0.2905008362990351,0.2874823007429229,0.0
R0044,2026-01-02 16:40:00,2026-01-02 17:35:00,55.0,12,0.5485830123469361,0.4197685344126628,0.0
R0083,2026-01-02 16:40:00,2026-01-02 17:35:00,55.0,12,0.5518756730013679,0.38397683675311867,0.0
R0090,2026-01-02 16:40:00,2026-01-02 17:35:00,55.0,12,0.544433806249456,0.4816311046359113,0.0
R0089,2026-01-02 16:40:00,2026-01-02 17:35:00,55.0,12,0.5446071026237111,0.5119749642633871,0.0
R0088,2026-01-02 16:40:00,2026-01-02 17:35:00,55.0,12,0.5546775676257164,0.500226896575592,0.0
R0087,2026-01-02 16:40:00,2026-01-02 17:35:00,55.0,12,0.5443979318257903,0.500574330451605,0.0
R0084,2026-01-02 16:45:00,2026-01-02 17:35:00,50.0,11,0.552265654748618,0.49256200155019414,0.0
R0103,2026-01-03 14:00:00,2026-01-03 14:25:00,25.0,6,0.5531168457154826,0.14691751545715404,0.0
R0150,2026-01-03 14:00:00,2026-01-03 14:25:00,25.0,6,0.5592142453363481,0.3034510543089618,0.0
R0149,2026-01-03 14:00:00,2026-01-03 14:25:00,25.0,6,0.5527823025589828,0.2980431988065576,0.0
R0148,2026-01-03 14:00:00,2026-01-03 14:25:00,25.0,6,0.5581049676178791,0.22945668941107444,0.0
R0104,2026-01-03 14:00:00,2026-01-03 14:25:00,25.0,6,0.5572283371500333,0.42111423047578134,0.0
R0146,2026-01-03 14:00:00,2026-01-03 14:25:00,25.0,6,0.5463906645068626,0.3483913545056825,0.0
R0145,2026-01-03 14:00:00,2026-01-03 14:25:00,25.0,6,0.5445448151516747,0.39348814853714764,0.0
R0144,2026-01-03 14:00:00,2026-01-03 14:25:00,25.0,6,0.2916527422735893,0.08927862264530384,0.0
R0143,2026-01-03 14:00:00,2026-01-03 14:25:00,25.0,6,0.5435848884427614,0.317493255862212,0.0
R0099,2026-01-03 14:00:00,2026-01-03 14:25:00,25.0,6,0.5580897949910197,0.19424736023573708,0.0
R0140,2026-01-03 14:00:00,2026-01-03 14:25:00,25.0,6,0.5445970473481871,0.3501315170623791,0.0
R0100,2026-01-03 14:00:00,2026-01-03 14:25:00,25.0,6,0.5612229776589628,0.22017357426015405,0.0
R0139,2026-01-03 14:00:00,2026-01-03 14:25:00,25.0,6,0.5448039936866613,0.17100165017499114,0.0
R0147,2026-01-03 14:00:00,2026-01-03 14:25:00,25.0,6,0.55437125017086,0.2802584127207076,0.0
R0247,2026-01-03 20:50:00,2026-01-03 21:35:00,45.0,9,0.6752789853448662,0.3438158221502746,0.0
R0248,2026-01-03 20:50:00,2026-01-03 21:30:00,40.0,6,0.6754742718569228,0.24049397839200637,0.0
R0251,2026-01-03 20:50:00,2026-01-03 21:35:00,45.0,10,0.4313207984181473,0.2699825885902397,0.0
R0253,2026-01-03 20:50:00,2026-01-03 21:35:00,45.0,9,0.6842891587651436,0.2729256885501473,0.0
R0255,2026-01-03 20:50:00,2026-01-03 21:15:00,25.0,5,0.6746397269155243,0.4249488571382548,0.0
R0256,2026-01-03 20:50:00,2026-01-03 21:30:00,40.0,8,0.6750401109573148,0.33847625503232415,0.0
R0208,2026-01-03 20:50:00,2026-01-03 21:35:00,45.0,7,0.6857377147201271,0.26344747583709627,0.0
R0211,2026-01-03 20:50:00,2026-01-03 21:35:00,45.0,8,0.675168287210172,0.18898909006177578,0.0
R0257,2026-01-03 20:50:00,2026-01-03 21:35:00,45.0,8,0.6776094039265559,0.3632931588527427,0.0
R0258,2026-01-03 20:50:00,2026-01-03 21:35:00,45.0,7,0.6742428199407537,0.40425577739010576,0.0
R0212,2026-01-03 20:50:00,2026-01-03 21:35:00,45.0,10,0.674368935304307,0.3112010790506218,0.0
R0207,2026-01-03 20:50:00,2026-01-03 21:35:00,45.0,8,0.6820939514121422,0.42784375335434577,0.0
R0254,2026-01-03 21:00:00,2026-01-03 21:35:00,35.0,8,0.6912221634361022,0.32179428109338126,0.0
R0252,2026-01-03 21:05:00,2026-01-03 21:30:00,25.0,4,0.6948862151783157,0.12779233455145456,0.0
R0255,2026-01-03 21:35:00,2026-01-03 21:35:00,0.0,1,0.6829726174478898,0.694234145712859,0.0
R0020,2026-01-04 07:05:00,2026-01-04 07:30:00,25.0,6,0.5922624238793293,0.4108259918896282,0.0
R0269,2026-01-04 08:10:00,2026-01-04 08:35:00,25.0,6,0.6879596173185927,0.3515448056299275,0.0
R0270,2026-01-04 08:10:00,2026-01-04 08:35:00,25.0,6,0.6920505553545431,0.47875080050687413,0.0
R0273,2026-01-04 08:10:00,2026-01-04 08:35:00,25.0,6,0.6945745929273088,0.4883279638223037,0.0
R0274,2026-01-04 08:10:00,2026-01-04 08:35:00,25.0,5,0.6964223283999533,0.5571347487621535,0.0
R0313,2026-01-04 08:10:00,2026-01-04 08:35:00,25.0,6,0.44779485196997526,0.39283096268519946,0.0
R0314,2026-01-04 08:25:00,2026-01-04 08:25:00,0.0,1,0.6997627420995962,0.7847444867862188,0.0
R0256,2026-01-04 14:05:00,2026-01-04 14:20:00,15.0,4,0.6822435287000395,0.3507498063337534,0.0
R0259,2026-01-04 14:05:00,2026-01-04 14:20:00,15.0,4,0.6925054598733862,0.3135201030967719,0.0
R0260,2026-01-04 14:05:00,2026-01-04 14:20:00,15.0,4,0.6919419606633527,0.4374824298885832,0.0
R0261,2026-01-04 14:05:00,2026-01-04 14:20:00,15.0,4,0.6823120813693871,0.22051859565465282,0.0
R0262,2026-01-04 14:05:00,2026-01-04 14:20:00,15.0,4,0.4302870574827268,0.3668658861987141,0.0
R0216,2026-01-04 14:05:00,2026-01-04 14:20:00,15.0,4,0.682537701272028,0.49132494587895714,0.0
R0307,2026-01-04 14:05:00,2026-01-04 14:20:00,15.0,4,0.6874244882460561,0.18976341987227685,0.0
R0308,2026-01-04 14:05:00,2026-01-04 14:20:00,15.0,4,0.6890538674033149,0.35382049582031816,0.0
R0255,2026-01-04 14:05:00,2026-01-04 14:20:00,15.0,4,0.6821961665777332,0.4319444364157674,0.0
R0215,2026-01-04 14:05:00,2026-01-04 14:20:00,15.0,4,0.6807408893951514,0.4003030527437097,0.0
R0301,2026-01-04 14:15:00,2026-01-04 14:20:00,5.0,2,0.6949798828378344,0.6913349420930959,0.0
R0113,2026-01-04 16:10:00,2026-01-04 16:30:00,20.0,5,0.659591290597251,0.42348062095717265,0.0
R0097,2026-01-04 20:40:00,2026-01-04 21:30:00,50.0,10,0.5928181519985287,0.35832094610917997,0.0
R0298,2026-01-05 06:00:00,2026-01-05 06:10:00,10.0,3,0.5901879410114776,0.5756371156585205,0.0
R0330,2026-01-05 14:45:00,2026-01-05 14:45:00,0.0,1,0.5913123150944187,0.5192765605271854,0.0
R0436,2026-01-05 20:45:00,2026-01-05 21:30:00,45.0,8,0.5865841653775841,0.2874648238520998,0.0
R0341,2026-01-06 10:40:00,2026-01-06 11:00:00,20.0,5,0.5853703802643826,0.6016054487959135,0.0
R0219,2026-01-06 13:45:00,2026-01-06 14:30:00,45.0,7,0.6868712244921265,0.3830909010522593,0.0
R0312,2026-01-06 13:45:00,2026-01-06 13:55:00,10.0,3,0.6942443735529285,0.5881727994486956,0.0
R0310,2026-01-06 13:45:00,2026-01-06 13:45:00,0.0,1,0.6846955767958576,0.7107746068724521,0.0
R0309,2026-01-06 13:45:00,2026-01-06 14:30:00,45.0,8,0.6844831139199865,0.5157450827146021,0.0
R0266,2026-01-06 13:45:00,2026-01-06 13:45:00,0.0,1,0.6867069567450114,0.787593734914515,0.0
R0306,2026-01-06 13:45:00,2026-01-06 14:05:00,20.0,4,0.6873371617204489,0.37367637889269223,0.0
R0220,2026-01-06 13:45:00,2026-01-06 13:50:00,5.0,2,0.6876184332540418,0.6309440455835452,0.0
R0263,2026-01-06 13:50:00,2026-01-06 14:25:00,35.0,6,0.6852541278952968,0.3816384315850426,0.0
R0264,2026-01-06 13:50:00,2026-01-06 14:05:00,15.0,2,0.6894008757580518,0.6489090808754383,0.0
R0265,2026-01-06 13:50:00,2026-01-06 14:30:00,40.0,9,0.4349326170518223,0.41419782806011674,0.0
R0305,2026-01-06 13:50:00,2026-01-06 13:50:00,0.0,1,0.6904176233037513,0.6086421264743866,0.0
R0311,2026-01-06 13:50:00,2026-01-06 14:25:00,35.0,6,0.6894214587620466,0.6743694309755879,0.0
R0260,2026-01-06 13:50:00,2026-01-06 14:30:00,40.0,8,0.6801625477424617,0.3638214058224235,0.0
R0259,2026-01-06 14:00:00,2026-01-06 14:00:00,0.0,1,0.69271279683742,0.6884752905614699,0.0
R0310,2026-01-06 14:05:00,2026-01-06 14:20:00,15.0,3,0.6912899509815735,0.5916735789189047,0.0
R0220,2026-01-06 14:10:00,2026-01-06 14:10:00,0.0,1,0.6968591173351859,0.7574866229732281,0.0
R0306,2026-01-06 14:25:00,2026-01-06 14:25:00,0.0,1,0.6983819287752233,0.786357901733687,0.0
R0264,2026-01-06 14:25:00,2026-01-06 14:25:00,0.0,1,0.6989130930690148,0.5851950571826066,0.0
R0259,2026-01-06 14:30:00,2026-01-06 14:30:00,0.0,1,0.69271279683742,0.6912607603816782,0.0
R0160,2026-01-07 13:20:00,2026-01-07 13:40:00,20.0,5,0.6900295568550767,0.6897149807956073,0.0
R0162,2026-01-07 13:20:00,2026-01-07 13:40:00,20.0,5,0.6900605012964564,0.6734063962939323,0.0
R0155,2026-01-07 13:20:00,2026-01-07 13:40:00,20.0,4,0.6834658304932073,0.3772312145731753,0.0
R0206,2026-01-07 13:20:00,2026-01-07 13:45:00,25.0,3,0.6961968329777448,0.7263310249281478,0.0
R0205,2026-01-07 13:20:00,2026-01-07 13:45:00,25.0,5,0.6876265030017079,0.6067288306451613,0.0
R0201,2026-01-07 13:20:00,2026-01-07 13:45:00,25.0,5,0.684356165422084,0.5205078654120537,0.0
R0161,2026-01-07 13:25:00,2026-01-07 13:45:00,20.0,5,0.4351829933661657,0.4192524505847678,0.0
R0116,2026-01-07 13:25:00,2026-01-07 13:45:00,20.0,3,0.6943800935077611,0.6558228333042782,0.0
R0115,2026-01-07 13:25:00,2026-01-07 13:25:00,0.0,1,0.6963480691944783,0.6969557467482792,0.0
R0156,2026-01-07 13:25:00,2026-01-07 13:45:00,20.0,5,0.6846492513738804,0.5166799416786585,0.0
R0202,2026-01-07 13:25:00,2026-01-07 13:45:00,20.0,4,0.6835085142863631,0.3739661517761743,0.0
R0207,2026-01-07 13:25:00,2026-01-07 13:45:00,20.0,3,0.6889910636608003,0.6439335659045978,0.0
R0208,2026-01-07 13:25:00,2026-01-07 13:45:00,20.0,4,0.6908839301158969,0.6313769085436656,0.0
R0159,2026-01-07 13:30:00,2026-01-07 13:40:00,10.0,3,0.6909908471792426,0.35438097873993224,0.0
R0372,2026-01-07 14:25:00,2026-01-07 14:55:00,30.0,4,0.5987426749719682,0.6939102803658488,0.0
R0376,2026-01-07 21:20:00,2026-01-07 21:40:00,20.0,5,0.5376236183663827,0.2744381328723141,0.0
R0375,2026-01-07 21:20:00,2026-01-07 21:35:00,15.0,4,0.5378521449501801,0.32441027390583876,0.0
R0415,2026-01-07 21:20:00,2026-01-07 21:40:00,20.0,5,0.28707261874022216,0.09214349136551148,0.0
R0371,2026-01-07 21:20:00,2026-01-07 21:40:00,20.0,5,0.5376897002009485,0.34059687042076614,0.0
R0416,2026-01-07 21:20:00,2026-01-07 21:40:00,20.0,4,0.5375898520084568,0.491183692424744,0.0
R0418,2026-01-07 21:20:00,2026-01-07 21:40:00,20.0,4,0.5379803521936288,0.4434311968117506,0.0
R0372,2026-01-07 21:20:00,2026-01-07 21:40:00,20.0,5,0.5393088592653817,0.1439641118035575,0.0
R0417,2026-01-07 21:25:00,2026-01-07 21:40:00,15.0,4,0.5385892960037962,0.4442071042551039,0.0
R0110,2026-01-08 07:40:00,2026-01-08 07:40:00,0.0,1,0.6949676098353131,0.7781099669883407,0.0
R0064,2026-01-08 07:40:00,2026-01-08 08:15:00,35.0,4,0.6853636592376844,0.6589420339153468,0.0
R0069,2026-01-08 07:40:00,2026-01-08 08:25:00,45.0,10,0.44889907120141304,0.41516792282338477,0.0
R0024,2026-01-08 07:40:00,2026-01-08 07:55:00,15.0,2,0.6932481190716212,0.7103316919666459,0.0
R0067,2026-01-08 07:40:00,2026-01-08 07:50:00,10.0,3,0.6928540817889713,0.6038560953325472,0.0
R0023,2026-01-08 07:50:00,2026-01-08 07:50:00,0.0,1,0.6996983058714319,0.7732658152634517,0.0
R0063,2026-01-08 08:00:00,2026-01-08 08:25:00,25.0,5,0.6906731170625375,0.7245456180713752,0.0
R0367,2026-01-08 09:25:00,2026-01-08 09:35:00,10.0,3,0.6870189674486598,0.6052114751126783,0.0
R0364,2026-01-08 09:25:00,2026-01-08 09:35:00,10.0,3,0.4331338158404129,0.4630721406367242,0.0
R0320,2026-01-08 09:25:00,2026-01-08 09:25:00,0.0,1,0.6986456236871417,0.7893495148339631,0.0
R0360,2026-01-08 09:25:00,2026-01-08 09:30:00,5.0,2,0.6825901089372466,0.6484891213457724,0.0
R0359,2026-01-08 09:25:00,2026-01-08 09:35:00,10.0,2,0.6851328897975371,0.5479620588561842,0.0
R0363,2026-01-08 09:30:00,2026-01-08 09:35:00,5.0,2,0.6870084860368549,0.44700878480935946,0.0
R0368,2026-01-08 09:30:00,2026-01-08 09:35:00,5.0,2,0.6921197394490537,0.6238773306302707,0.0
R0365,2026-01-08 09:35:00,2026-01-08 09:35:00,0.0,1,0.6829129662522202,0.7168508622292649,0.0
R0366,2026-01-08 09:35:00,2026-01-08 09:35:00,0.0,1,0.6834041916139295,0.6846691617596594,0.0
R0278,2026-01-08 12:00:00,2026-01-08 12:10:00,10.0,3,0.5911274006966263,0.4386531934690475,0.0
R0297,2026-01-08 16:30:00,2026-01-08 16:35:00,5.0,2,0.6969848185325223,2.038261688399146,29.93786158131562
R0298,2026-01-08 16:30:00,2026-01-08 16:30:00,0.0,1,0.6948200375050568,2.086684683007542,37.746292849852914
R0162,2026-01-08 16:35:00,2026-01-08 16:35:00,0.0,1,0.6929874425094311,2.11476330010639,34.38744257274119
R0159,2026-01-08 16:35:00,2026-01-08 16:35:00,0.0,1,0.6970425770543325,2.0522640354089337,28.42212327373822
R0208,2026-01-08 16:35:00,2026-01-08 16:35:00,0.0,1,0.6897124714400167,2.167650582445509,39.1994762929019
R0067,2026-01-08 16:35:00,2026-01-08 16:35:00,0.0,1,0.6960128877967178,2.05247357971749,40.73557360055287
R0160,2026-01-08 16:35:00,2026-01-08 16:35:00,0.0,1,0.6984803988156705,2.02768204270191,27.086851628468036
R0219,2026-01-08 16:35:00,2026-01-08 16:50:00,15.0,3,0.6993944038016757,2.0128617195629506,34.10762721058913
R0067,2026-01-08 16:55:00,2026-01-08 16:55:00,0.0,1,0.6960128877967178,2.05247357971749,40.73557360055287
R0277,2026-01-09 06:40:00,2026-01-09 07:25:00,45.0,10,0.5482102672360583,0.4227778959937676,0.0
R0278,2026-01-09 06:40:00,2026-01-09 07:25:00,45.0,9,0.5411222896823964,0.413079045780807,0.0
R0281,2026-01-09 06:40:00,2026-01-09 07:25:00,45.0,10,0.5487685201742869,0.4932033459572537,0.0
R0282,2026-01-09 06:40:00,2026-01-09 07:25:00,45.0,10,0.5468171724648407,0.4634099903442086,0.0
R0283,2026-01-09 06:40:00,2026-01-09 07:25:00,45.0,10,0.5425150356383415,0.35048345916695667,0.0
R0284,2026-01-09 06:40:00,2026-01-09 07:25:00,45.0,10,0.5459293416878286,0.4544769840657503,0.0
R0238,2026-01-09 06:40:00,2026-01-09 07:25:00,45.0,10,0.537973283897408,0.36915169590137387,0.0
R0192,2026-01-09 06:40:00,2026-01-09 07:25:00,45.0,10,0.5374133810332647,0.40238291597645437,0.0
R0231,2026-01-09 06:40:00,2026-01-09 07:25:00,45.0,10,0.5372134714909065,0.40021228372328077,0.0
R0235,2026-01-09 06:40:00,2026-01-09 07:25:00,45.0,10,0.5371529877515147,0.357927887741776,0.0
R0236,2026-01-09 06:40:00,2026-01-09 07:25:00,45.0,10,0.5366929843502098,0.37926767311597887,0.0
R0237,2026-01-09 06:40:00,2026-01-09 07:25:00,45.0,10,0.28533577906858254,0.21571537152991427,0.0
R0191,2026-01-09 06:40:00,2026-01-09 07:25:00,45.0,10,0.5364265923299756,0.360598196115122,0.0
R0232,2026-01-09 06:45:00,2026-01-09 07:25:00,40.0,9,0.5365982777943603,0.4013781252803522,0.0
R0423,2026-01-09 10:25:00,2026-01-09 11:05:00,40.0,6,0.5867769060505877,0.4357799194695947,0.0
R0373,2026-01-09 11:50:00,2026-01-09 12:10:00,20.0,5,0.5865263553509348,0.6129177309543045,0.0
R0089,2026-01-10 09:55:00,2026-01-10 10:35:00,40.0,9,0.5399081007488087,0.3167573111723846,0.0
R0183,2026-01-10 16:35:00,2026-01-10 17:00:00,25.0,6,0.6910517215369083,0.4373480692966224,0.0
R0180,2026-01-10 16:35:00,2026-01-10 17:05:00,30.0,7,0.43968259157718736,0.3388251918938884,0.0
R0182,2026-01-10 16:35:00,2026-01-10 17:05:00,30.0,7,0.6903141463584126,0.45160266479254574,0.0
R0176,2026-01-10 16:35:00,2026-01-10 17:05:00,30.0,7,0.6822955500190948,0.5291562095393545,0.0
R0179,2026-01-10 16:35:00,2026-01-10 17:05:00,30.0,7,0.6918568538522665,0.47372235195015144,0.0
R0181,2026-01-10 16:35:00,2026-01-10 17:05:00,30.0,7,0.6927824028698384,0.48692719429659803,0.0
R0184,2026-01-10 16:35:00,2026-01-10 17:05:00,30.0,7,0.6839196013371232,0.4338434234200006,0.0
R0175,2026-01-10 16:35:00,2026-01-10 17:05:00,30.0,7,0.6916580193062181,0.3917155684091941,0.0
R0212,2026-01-10 21:45:00,2026-01-10 22:00:00,15.0,4,0.5820295586275847,0.40379751475385806,0.0
R0363,2026-01-11 07:15:00,2026-01-11 08:00:00,45.0,10,0.5964085014821513,0.404350812281718,0.0
R0192,2026-01-11 12:10:00,2026-01-11 12:30:00,20.0,5,0.6788742124668654,0.43045720225464645,0.0
R0139,2026-01-11 12:10:00,2026-01-11 12:30:00,20.0,4,0.6776932990415947,0.5178358404376036,0.0
R0099,2026-01-11 12:10:00,2026-01-11 12:30:00,20.0,5,0.6862330738620265,0.471521956736621,0.0
R0140,2026-01-11 12:10:00,2026-01-11 12:30:00,20.0,5,0.6781661485937385,0.31030290683383854,0.0
R0143,2026-01-11 12:10:00,2026-01-11 12:30:00,20.0,4,0.6775642783320326,0.47579103870369854,0.0
R0145,2026-01-11 12:10:00,2026-01-11 12:30:00,20.0,5,0.4290793127998198,0.333162799835821,0.0
R0144,2026-01-11 12:10:00,2026-01-11 12:30:00,20.0,5,0.6804658495651732,0.4463296151722014,0.0
R0185,2026-01-11 12:10:00,2026-01-11 12:30:00,20.0,5,0.6784055553050456,0.5442467888429086,0.0
R0186,2026-01-11 12:10:00,2026-01-11 12:30:00,20.0,4,0.6784648295805253,0.47610793320621714,0.0
R0190,2026-01-11 12:10:00,2026-01-11 12:30:00,20.0,4,0.6797587690304996,0.44992371301022815,0.0
R0146,2026-01-11 12:15:00,2026-01-11 12:30:00,15.0,3,0.6792107507809454,0.2339878692129752,0.0
R0189,2026-01-11 12:20:00,2026-01-11 12:30:00,10.0,3,0.6792932144066839,0.5005423320863915,0.0
R0191,2026-01-11 12:20:00,2026-01-11 12:30:00,10.0,3,0.6774600419534195,0.4818481209636962,0.0
R0100,2026-01-11 12:20:00,2026-01-11 12:30:00,10.0,3,0.6938104759668926,0.3102283009460731,0.0
R0075,2026-01-11 13:45:00,2026-01-11 14:05:00,20.0,5,0.5905200622136854,0.3499348285100018,0.0
R0264,2026-01-12 09:55:00,2026-01-12 10:20:00,25.0,4,0.6070676989100053,0.6157862875270134,0.0
R0219,2026-01-12 12:15:00,2026-01-12 12:25:00,10.0,3,0.6815847659109264,0.5869150866419358,0.0
R0218,2026-01-12 12:15:00,2026-01-12 12:25:00,10.0,2,0.6917058778694447,0.4980479877797773,0.0
R0213,2026-01-12 12:15:00,2026-01-12 12:15:00,0.0,1,0.6754215080715504,0.5950193994923355,0.0
R0170,2026-01-12 12:15:00,2026-01-12 12:25:00,10.0,3,0.6769448475398163,0.5966039384616498,0.0
R0214,2026-01-12 12:15:00,2026-01-12 12:20:00,5.0,2,0.426078791835936,0.6130658464868477,0.0
R0217,2026-01-12 12:15:00,2026-01-12 12:25:00,10.0,3,0.6833545255277879,0.44282937306484993,0.0
R0210,2026-01-12 12:15:00,2026-01-12 12:25:00,10.0,3,0.6777444089744572,0.5014513712842491,0.0
R0169,2026-01-12 12:15:00,2026-01-12 12:25:00,10.0,2,0.6754607708336605,0.6398778344016904,0.0
R0220,2026-01-12 12:15:00,2026-01-12 12:25:00,10.0,3,0.6835752068357521,0.7150945581231107,0.0
R0174,2026-01-12 12:15:00,2026-01-12 12:25:00,10.0,3,0.6860023294445611,0.4480708199448452,0.0
R0215,2026-01-12 12:15:00,2026-01-12 12:25:00,10.0,3,0.6747355913503764,0.5922583317204293,0.0
R0173,2026-01-12 12:20:00,2026-01-12 12:25:00,5.0,2,0.6855192561107029,0.5988686454540985,0.0
R0209,2026-01-12 12:20:00,2026-01-12 12:20:00,0.0,1,0.6775106904762351,0.6834533054965106,0.0
R0216,2026-01-12 12:25:00,2026-01-12 12:25:00,0.0,1,0.6764676722081819,0.47885169011322315,0.0
R0133,2026-01-12 17:30:00,2026-01-12 17:50:00,20.0,5,0.48409156753139126,0.4773152823501995,0.0
R0092,2026-01-12 17:35:00,2026-01-12 17:50:00,15.0,4,0.6894080404824114,0.636989078586051,0.0
R0090,2026-01-12 17:35:00,2026-01-12 17:45:00,10.0,3,0.6983590699760974,0.7361279829528258,0.0
R0091,2026-01-12 17:40:00,2026-01-12 17:50:00,10.0,2,0.6874619809192339,0.6933289453710281,0.0
R0089,2026-01-12 17:40:00,2026-01-12 17:40:00,0.0,1,0.6993228109931227,0.7953484051748606,0.0
R0375,2026-01-13 07:35:00,2026-01-13 08:20:00,45.0,10,0.5411555231938017,0.48139547126988114,0.0
R0372,2026-01-13 07:35:00,2026-01-13 08:20:00,45.0,10,0.5457483767262588,0.4254319326868623,0.0
R0371,2026-01-13 07:35:00,2026-01-13 08:20:00,45.0,10,0.5400222626424463,0.4476535505622683,0.0
R0376,2026-01-13 07:35:00,2026-01-13 08:20:00,45.0,10,0.5400815333075255,0.5031715052451817,0.0
R0415,2026-01-13 07:35:00,2026-01-13 08:20:00,45.0,10,0.5442909012914987,0.45449666524211496,0.0
R0418,2026-01-13 07:35:00,2026-01-13 08:20:00,45.0,10,0.5413918944874831,0.37762121782756364,0.0
R0417,2026-01-13 07:35:00,2026-01-13 08:20:00,45.0,10,0.5440516900658154,0.44856461646298884,0.0
R0416,2026-01-13 07:35:00,2026-01-13 08:20:00,45.0,10,0.2879378876842281,0.2775040720706228,0.0
R0211,2026-01-13 14:55:00,2026-01-13 15:05:00,10.0,3,0.43424337817635406,0.4706657432310086,0.0
R0166,2026-01-13 14:55:00,2026-01-13 15:00:00,5.0,2,0.679823322752279,0.621852927822593,0.0
R0252,2026-01-13 14:55:00,2026-01-13 14:55:00,0.0,1,0.6961049510260091,0.7919657368116858,0.0
R0205,2026-01-13 14:55:00,2026-01-13 15:05:00,10.0,3,0.6850093596447795,0.5885823360438381,0.0
R0255,2026-01-13 14:55:00,2026-01-13 15:05:00,10.0,3,0.6798479044434116,0.6513633657242285,0.0
R0206,2026-01-13 14:55:00,2026-01-13 14:55:00,0.0,1,0.6978130156938104,0.7402440191188523,0.0
R0257,2026-01-13 15:00:00,2026-01-13 15:05:00,5.0,2,0.6822450117805068,0.5680890765890686,0.0
R0210,2026-01-13 15:00:00,2026-01-13 15:00:00,0.0,1,0.686182364523233,0.6487248509743633,0.0
R0165,2026-01-13 15:00:00,2026-01-13 15:00:00,0.0,1,0.6815633600235569,0.6092023930832,0.0
R0212,2026-01-13 15:00:00,2026-01-13 15:05:00,5.0,2,0.6795924255882502,0.7376957484475966,0.0
R0256,2026-01-13 15:00:00,2026-01-13 15:05:00,5.0,2,0.6793980479468813,0.6319418733802296,0.0
R0209,2026-01-13 15:00:00,2026-01-13 15:05:00,5.0,2,0.6846652309018804,0.6206121652096998,0.0
R0258,2026-01-13 15:05:00,2026-01-13 15:05:00,0.0,1,0.6799522029063717,0.48627652167540036,0.0
R0251,2026-01-13 15:05:00,2026-01-13 15:05:00,0.0,1,0.6960713326404054,0.687364047297925,0.0
R0183,2026-01-13 19:30:00,2026-01-13 19:55:00,25.0,5,0.6875324610611007,0.6321302423774917,0.0
R0272,2026-01-13 19:30:00,2026-01-13 19:55:00,25.0,5,0.6858582773365913,0.49035780172931065,0.0
R0230,2026-01-13 19:30:00,2026-01-13 20:00:00,30.0,7,0.42459805662657923,0.43811204569374274,0.0
R0229,2026-01-13 19:30:00,2026-01-13 20:00:00,30.0,6,0.6766527401274047,0.6084698637376778,0.0
R0275,2026-01-13 19:30:00,2026-01-13 19:55:00,25.0,4,0.6854662082978816,0.5836705249304989,0.0
R0226,2026-01-13 19:30:00,2026-01-13 19:55:00,25.0,5,0.6822039270151166,0.5331951861002631,0.0
R0225,2026-01-13 19:30:00,2026-01-13 19:55:00,25.0,4,0.6879911097951832,0.6590678335305045,0.0
R0271,2026-01-13 19:30:00,2026-01-13 20:00:00,30.0,7,0.6761565502431263,0.38331961969284123,0.0
R0276,2026-01-13 19:35:00,2026-01-13 19:55:00,20.0,4,0.6835583925114512,0.5409143163372028,0.0
R0184,2026-01-13 19:40:00,2026-01-13 20:00:00,20.0,5,0.673299139691959,0.4761544326764138,0.0
R0278,2026-01-14 13:05:00,2026-01-14 13:05:00,0.0,1,0.6044184673743699,0.5878423681441619,0.0
R0278,2026-01-14 13:25:00,2026-01-14 13:45:00,20.0,4,0.6019798914253089,0.6773408601799512,0.0
R0357,2026-01-14 20:25:00,2026-01-14 20:50:00,25.0,5,0.6007252300404535,0.48629043653929704,0.0
R0179,2026-01-15 06:15:00,2026-01-15 06:25:00,10.0,3,0.5880328377577793,0.5712270153157744,0.0
R0165,2026-01-15 07:50:00,2026-01-15 08:10:00,20.0,3,0.6771749424976321,0.7629439830358721,0.0
R0166,2026-01-15 07:50:00,2026-01-15 08:10:00,20.0,5,0.4285063406484926,0.4703439118159741,0.0
R0164,2026-01-15 07:50:00,2026-01-15 08:10:00,20.0,4,0.6777813895721025,0.6106019674651955,0.0
R0159,2026-01-15 07:50:00,2026-01-15 07:50:00,0.0,1,0.6959070718740974,0.6970633412777416,0.0
R0210,2026-01-15 07:50:00,2026-01-15 08:00:00,10.0,2,0.6826272836809486,0.5976493154393319,0.0
R0205,2026-01-15 07:50:00,2026-01-15 07:55:00,5.0,2,0.6914751887747654,0.6576196272303743,0.0
R0212,2026-01-15 07:50:00,2026-01-15 08:10:00,20.0,4,0.678338008006748,0.6086779320939274,0.0
R0209,2026-01-15 07:50:00,2026-01-15 08:10:00,20.0,3,0.6812629900634912,0.6538867625709384,0.0
R0163,2026-01-15 08:00:00,2026-01-15 08:05:00,5.0,2,0.6836052785912623,0.714538920398983,0.0
R0211,2026-01-15 08:00:00,2026-01-15 08:10:00,10.0,3,0.6845494911166861,0.6513971890119133,0.0
R0120,2026-01-15 08:05:00,2026-01-15 08:05:00,0.0,1,0.6989379173133409,0.7094886880719211,0.0
R0225,2026-01-15 17:50:00,2026-01-15 18:15:00,25.0,6,0.5527678464963808,0.5588944242248064,0.0
R0179,2026-01-15 17:50:00,2026-01-15 18:15:00,25.0,6,0.5481106580556449,0.5937953184340613,0.0
R0226,2026-01-15 17:50:00,2026-01-15 18:15:00,25.0,6,0.5408141214471753,0.45146226382412646,0.0
R0184,2026-01-15 17:50:00,2026-01-15 18:15:00,25.0,6,0.5421129910836553,0.4356789451273899,0.0
R0230,2026-01-15 17:50:00,2026-01-15 18:15:00,25.0,6,0.5470832331636547,0.39389154292616435,0.0
R0180,2026-01-15 17:50:00,2026-01-15 18:15:00,25.0,6,0.5490574595015757,0.4622475412961322,0.0
R0138,2026-01-15 17:50:00,2026-01-15 18:15:00,25.0,6,0.5778759876791215,0.5232622438761937,0.0
R0137,2026-01-15 17:50:00,2026-01-15 18:15:00,25.0,6,0.6004105890165752,0.5265587085156327,0.0
R0229,2026-01-15 17:50:00,2026-01-15 18:15:00,25.0,6,0.5474832285373892,0.5293924834358235,0.0
R0183,2026-01-15 17:50:00,2026-01-15 18:15:00,25.0,6,0.29368872966579385,0.3598005390691288,0.0
R0167,2026-01-15 20:45:00,2026-01-15 21:10:00,25.0,5,0.586510329851647,0.4885621717146924,0.0
