od_id,origin_node,destination_node,base_demand_vph,purpose
OD0001,N006,N081,326,commercial
OD0002,N002,N049,402,school
OD0003,N107,N025,84,mixed
OD0004,N032,N037,402,commercial
OD0005,N117,N082,127,commute
OD0006,N110,N112,244,mixed
OD0007,N032,N007,251,commute
OD0008,N080,N012,499,commercial
OD0009,N039,N077,155,mixed
OD0010,N099,N105,239,commercial
OD0011,N062,N025,168,commute
OD0012,N068,N017,183,mixed
OD0013,N102,N107,420,commute
OD0014,N092,N063,92,commute
OD0015,N040,N022,423,mixed
OD0016,N064,N108,439,mixed
OD0017,N004,N026,187,commercial
OD0018,N073,N062,426,school
OD0019,N003,N032,195,commute
OD0020,N013,N052,447,mixed
OD0021,N007,N118,312,commute
OD0022,N030,N041,226,commercial
OD0023,N003,N087,100,mixed
OD0024,N066,N012,297,school
OD0025,N013,N120,278,commercial
OD0026,N069,N004,251,commute
OD0027,N109,N036,220,mixed
OD0028,N006,N036,278,school
OD0029,N019,N084,286,commute
OD0030,N059,N110,131,mixed
OD0031,N115,N088,54,school
OD0032,N022,N070,200,mixed
OD0033,N098,N116,456,commute
OD0034,N090,N107,140,commercial
OD0035,N007,N105,482,commercial
OD0036,N100,N116,269,school
OD0037,N097,N010,132,school
OD0038,N062,N046,361,mixed
OD0039,N081,N056,350,commute
OD0040,N027,N119,154,commute
OD0041,N021,N090,119,commute
OD0042,N065,N077,209,mixed
OD0043,N110,N011,56,school
OD0044,N059,N079,348,commute
OD0045,N035,N048,434,commute
OD0046,N075,N043,201,mixed
OD0047,N019,N076,404,commute
OD0048,N034,N005,135,school
OD0049,N101,N078,347,commercial
OD0050,N050,N011,164,commute
OD0051,N063,N083,472,school
OD0052,N044,N095,275,commercial
OD0053,N035,N083,355,commercial
OD0054,N033,N098,300,school
OD0055,N057,N075,124,school
OD0056,N088,N097,125,school
OD0057,N057,N054,305,commute
OD0058,N080,N050,277,commercial
OD0059,N002,N028,212,mixed
OD0060,N039,N059,400,mixed
OD0061,N049,N040,499,mixed
OD0062,N114,N065,101,commute
OD0063,N047,N077,458,school
OD0064,N086,N066,390,commute
OD0065,N104,N004,144,commercial
OD0066,N089,N027,253,mixed
OD0067,N002,N012,83,commercial
OD0068,N076,N004,457,commute
OD0069,N086,N026,444,mixed
OD0070,N072,N114,145,school
OD0071,N103,N116,268,school
OD0072,N100,N099,244,mixed
OD0073,N049,N086,43,commute
OD0074,N106,N110,344,commute
OD0075,N004,N089,189,school
OD0076,N060,N025,54,commercial
OD0077,N039,N057,410,mixed
OD0078,N008,N114,158,mixed
OD0079,N103,N052,387,school
OD0080,N026,N116,436,school
OD0081,N086,N026,478,mixed
OD0082,N035,N032,308,commute
OD0083,N108,N050,120,commercial
OD0084,N097,N004,225,commercial
OD0085,N039,N113,146,mixed
OD0086,N107,N086,135,commute
OD0087,N081,N106,76,school
OD0088,N076,N068,465,commute
OD0089,N069,N078,278,school
OD0090,N045,N044,412,mixed
OD0091,N011,N039,235,school
OD0092,N109,N052,462,commercial
OD0093,N104,N039,197,commercial
OD0094,N107,N011,234,school
OD0095,N017,N097,332,commercial
OD0096,N112,N019,174,commercial
OD0097,N111,N048,90,commute
OD0098,N021,N093,56,mixed
OD0099,N007,N060,281,mixed
OD0100,N092,N051,412,school
OD0101,N008,N023,283,school
OD0102,N063,N037,57,school
OD0103,N117,N021,130,school
OD0104,N103,N041,83,mixed
OD0105,N107,N078,198,commercial
OD0106,N090,N113,145,school
OD0107,N068,N070,187,school
OD0108,N049,N018,220,commute
OD0109,N002,N104,282,school
OD0110,N060,N039,171,commercial
OD0111,N059,N051,479,commute
OD0112,N012,N105,190,commercial
OD0113,N039,N043,421,commercial
OD0114,N093,N057,385,commercial
OD0115,N075,N006,152,mixed
OD0116,N102,N081,275,school
OD0117,N078,N004,352,school
OD0118,N047,N114,317,school
OD0119,N097,N062,172,mixed
OD0120,N103,N007,162,commute
OD0121,N088,N009,295,mixed
OD0122,N007,N041,434,mixed
OD0123,N094,N075,252,commute
OD0124,N053,N106,47,school
OD0125,N084,N069,456,mixed
OD0126,N106,N065,469,school
OD0127,N096,N009,460,mixed
OD0128,N011,N058,129,school
OD0129,N002,N028,496,commercial
OD0130,N036,N037,250,school
OD0131,N112,N075,359,commute
OD0132,N050,N081,365,commercial
OD0133,N112,N065,444,mixed
OD0134,N094,N109,383,school
OD0135,N056,N071,491,commercial
OD0136,N037,N102,174,school
OD0137,N008,N046,364,commute
OD0138,N110,N015,248,school
OD0139,N002,N053,273,school
OD0140,N066,N064,379,commercial
OD0141,N034,N003,85,commercial
OD0142,N037,N074,329,commercial
OD0143,N095,N063,281,commute
OD0144,N030,N008,349,commercial
OD0145,N072,N014,479,mixed
OD0146,N036,N039,130,mixed
OD0147,N103,N100,318,school
OD0148,N108,N075,327,commercial
OD0149,N059,N002,65,mixed
OD0150,N073,N120,178,school
OD0151,N110,N063,290,commercial
OD0152,N055,N073,138,commute
OD0153,N006,N100,89,commercial
OD0154,N020,N037,396,school
OD0155,N068,N044,90,mixed
OD0156,N113,N040,88,school
OD0157,N110,N066,325,commute
OD0158,N085,N075,264,mixed
OD0159,N046,N119,211,commute
OD0160,N046,N063,304,mixed
OD0161,N042,N050,123,mixed
OD0162,N023,N066,248,commute
OD0163,N045,N076,428,mixed
OD0164,N058,N090,404,commercial
OD0165,N026,N105,450,school
OD0166,N116,N097,406,mixed
OD0167,N059,N057,40,commute
OD0168,N103,N015,82,commercial
OD0169,N118,N071,406,commercial
OD0170,N106,N034,332,school
OD0171,N109,N026,345,commercial
OD0172,N049,N061,67,mixed
OD0173,N029,N076,261,commercial
OD0174,N067,N089,43,school
OD0175,N017,N087,454,school
OD0176,N069,N068,231,mixed
OD0177,N053,N020,484,school
OD0178,N118,N030,190,commercial
OD0179,N053,N093,159,commercial
OD0180,N005,N100,397,commercial
OD0181,N095,N102,437,school
OD0182,N004,N113,419,mixed
OD0183,N117,N112,71,school
OD0184,N036,N094,422,mixed
OD0185,N106,N092,295,commercial
OD0186,N120,N012,293,school
OD0187,N115,N026,47,commercial
OD0188,N029,N078,249,commercial
OD0189,N118,N076,161,commute
OD0190,N119,N108,41,commute
OD0191,N053,N028,168,commute
OD0192,N043,N059,199,commute
OD0193,N071,N102,85,mixed
OD0194,N106,N072,301,commercial
OD0195,N053,N014,299,school
OD0196,N117,N050,480,commercial
OD0197,N089,N074,323,school
OD0198,N093,N010,213,mixed
OD0199,N051,N110,81,mixed
OD0200,N024,N091,304,commute
OD0201,N046,N104,93,mixed
OD0202,N091,N105,211,school
OD0203,N028,N036,198,mixed
OD0204,N011,N054,171,school
OD0205,N071,N030,282,commercial
OD0206,N088,N067,468,commute
OD0207,N036,N003,176,commercial
OD0208,N040,N046,213,school
OD0209,N108,N022,195,commercial
OD0210,N040,N098,155,commute
OD0211,N032,N040,459,commercial
OD0212,N092,N075,381,commute
OD0213,N038,N032,66,mixed
OD0214,N038,N005,96,commercial
OD0215,N085,N073,279,mixed
OD0216,N046,N105,72,mixed
OD0217,N009,N002,259,commute
OD0218,N014,N012,101,commercial
OD0219,N019,N113,176,commercial
OD0220,N070,N028,464,commercial
OD0221,N113,N064,417,mixed
OD0222,N045,N066,419,school
OD0223,N112,N073,409,school
OD0224,N074,N053,416,commute
OD0225,N108,N033,490,mixed
OD0226,N108,N117,163,commercial
OD0227,N117,N046,80,commercial
OD0228,N120,N090,263,mixed
OD0229,N076,N052,420,school
OD0230,N077,N047,429,commute
OD0231,N094,N018,394,commute
OD0232,N020,N074,77,commercial
OD0233,N037,N117,57,commute
OD0234,N074,N080,177,school
OD0235,N007,N028,459,mixed
OD0236,N119,N090,254,school
OD0237,N112,N044,117,commute
OD0238,N109,N097,110,school
OD0239,N014,N098,338,school
OD0240,N030,N049,421,commercial
OD0241,N111,N055,415,commute
OD0242,N047,N099,344,school
OD0243,N034,N036,444,commercial
OD0244,N040,N117,105,mixed
OD0245,N029,N118,264,commercial
OD0246,N038,N093,412,commercial
OD0247,N050,N097,81,commercial
OD0248,N008,N078,272,mixed
OD0249,N107,N097,409,school
OD0250,N076,N069,129,commercial
OD0251,N074,N008,235,commercial
OD0252,N106,N025,213,commercial
OD0253,N103,N098,419,school
OD0254,N031,N092,317,commute
OD0255,N115,N035,97,mixed
OD0256,N026,N108,441,school
OD0257,N037,N091,339,commute
OD0258,N021,N042,460,commute
OD0259,N085,N120,490,mixed
OD0260,N008,N079,200,mixed
OD0261,N105,N033,184,commute
OD0262,N061,N064,44,commute
OD0263,N093,N009,132,school
OD0264,N060,N076,459,mixed
OD0265,N070,N052,387,school
OD0266,N067,N120,43,mixed
OD0267,N071,N030,374,commute
OD0268,N016,N097,251,mixed
OD0269,N100,N113,499,commercial
OD0270,N089,N022,374,commercial
OD0271,N115,N097,445,commute
OD0272,N117,N111,283,mixed
OD0273,N113,N022,457,commercial
OD0274,N042,N061,446,mixed
OD0275,N113,N016,448,mixed
OD0276,N064,N045,159,commute
OD0277,N077,N092,242,mixed
OD0278,N038,N119,336,commercial
OD0279,N065,N095,344,school
OD0280,N066,N073,105,school
OD0281,N093,N016,499,commercial
OD0282,N030,N108,230,commute
OD0283,N060,N001,199,commute
OD0284,N001,N021,60,school
OD0285,N086,N112,256,mixed
OD0286,N033,N072,348,commute
OD0287,N077,N103,403,commute
OD0288,N117,N100,418,commercial
OD0289,N001,N079,120,school
OD0290,N090,N027,453,commute
OD0291,N034,N103,472,commercial
OD0292,N075,N117,160,school
OD0293,N037,N042,233,commute
OD0294,N078,N019,315,school
OD0295,N048,N107,167,commute
OD0296,N052,N082,348,mixed
OD0297,N079,N087,378,commercial
OD0298,N001,N117,88,mixed
OD0299,N070,N104,186,commute
OD0300,N004,N074,46,commercial
OD0301,N097,N040,177,mixed
OD0302,N107,N095,231,mixed
OD0303,N043,N102,97,commercial
OD0304,N101,N011,144,mixed
OD0305,N092,N031,74,school
OD0306,N087,N030,262,mixed
OD0307,N109,N106,126,commute
OD0308,N001,N105,90,commercial
OD0309,N085,N014,398,commute
OD0310,N018,N047,48,mixed
OD0311,N087,N011,76,commercial
OD0312,N093,N058,229,commute
OD0313,N103,N021,170,mixed
OD0314,N066,N036,49,commercial
OD0315,N008,N090,225,mixed
OD0316,N013,N043,236,commute
OD0317,N104,N092,78,school
OD0318,N060,N052,286,commute
OD0319,N080,N004,125,commercial
OD0320,N057,N045,256,mixed
OD0321,N003,N055,342,commercial
OD0322,N053,N100,332,school
OD0323,N078,N092,440,mixed
OD0324,N040,N016,113,school
OD0325,N033,N105,160,commute
OD0326,N049,N060,313,school
OD0327,N015,N093,72,mixed
OD0328,N011,N113,236,commute
OD0329,N052,N069,379,commute
OD0330,N004,N105,342,school
OD0331,N101,N024,372,commercial
OD0332,N077,N011,292,commute
OD0333,N078,N109,172,commute
OD0334,N035,N052,304,commercial
OD0335,N117,N033,225,school
OD0336,N102,N030,353,school
OD0337,N072,N081,186,commercial
OD0338,N039,N097,114,commute
OD0339,N019,N069,226,commute
OD0340,N012,N010,306,mixed
OD0341,N096,N074,406,commute
OD0342,N071,N027,169,commercial
OD0343,N094,N045,273,school
OD0344,N091,N090,436,commercial
OD0345,N113,N094,220,commercial
OD0346,N040,N071,274,school
OD0347,N007,N046,422,commercial
OD0348,N012,N116,176,mixed
OD0349,N095,N029,129,commute
OD0350,N035,N079,102,commute
OD0351,N049,N108,244,commute
OD0352,N078,N069,144,mixed
OD0353,N102,N012,434,commercial
OD0354,N019,N100,153,commercial
OD0355,N083,N092,297,mixed
OD0356,N021,N082,198,commercial
OD0357,N030,N060,442,school
OD0358,N067,N012,56,commute
OD0359,N093,N046,418,commercial
OD0360,N034,N088,350,commute
OD0361,N065,N058,79,commercial
OD0362,N019,N011,158,school
OD0363,N018,N026,416,school
OD0364,N053,N049,395,school
OD0365,N049,N027,171,commute
OD0366,N071,N017,458,school
OD0367,N076,N007,104,commute
OD0368,N100,N063,62,mixed
OD0369,N053,N108,443,commercial
OD0370,N040,N043,485,commute
OD0371,N106,N064,273,commute
OD0372,N103,N021,312,commute
OD0373,N080,N039,323,commute
OD0374,N100,N025,50,commercial
OD0375,N073,N040,101,commute
OD0376,N079,N092,407,commute
OD0377,N031,N043,224,school
OD0378,N080,N002,369,mixed
OD0379,N010,N108,181,mixed
OD0380,N056,N021,470,commute
OD0381,N064,N004,400,school
OD0382,N002,N023,164,school
OD0383,N083,N018,411,commute
OD0384,N108,N077,469,commute
OD0385,N056,N108,233,commute
OD0386,N047,N115,87,mixed
OD0387,N058,N052,239,commute
OD0388,N090,N030,353,commercial
OD0389,N050,N103,101,commercial
OD0390,N020,N016,313,commute
OD0391,N051,N043,56,commute
OD0392,N031,N033,285,commercial
OD0393,N083,N048,118,mixed
OD0394,N033,N050,320,commercial
OD0395,N085,N082,418,commute
OD0396,N069,N086,418,mixed
OD0397,N102,N077,175,commute
OD0398,N099,N096,220,commercial
OD0399,N029,N036,261,school
OD0400,N106,N048,346,commute
OD0401,N120,N095,173,school
OD0402,N036,N057,69,commercial
OD0403,N076,N073,56,school
OD0404,N106,N013,421,commute
OD0405,N101,N079,376,school
OD0406,N115,N016,75,school
OD0407,N022,N004,55,mixed
OD0408,N047,N039,382,commercial
OD0409,N076,N072,160,commute
OD0410,N074,N078,231,mixed
OD0411,N017,N067,217,mixed
OD0412,N025,N044,90,commercial
OD0413,N120,N095,383,school
OD0414,N011,N120,417,commute
OD0415,N070,N066,74,commute
OD0416,N059,N032,321,mixed
OD0417,N069,N077,291,commute
OD0418,N091,N103,268,mixed
OD0419,N113,N115,181,school
OD0420,N119,N041,254,commute
OD0421,N102,N061,41,mixed
OD0422,N069,N035,411,school
OD0423,N080,N084,488,commercial
OD0424,N092,N010,236,commercial
OD0425,N101,N072,456,commercial
OD0426,N008,N060,193,mixed
OD0427,N048,N108,51,commercial
OD0428,N062,N051,42,mixed
OD0429,N076,N108,335,commercial
OD0430,N109,N112,115,school
OD0431,N068,N060,459,commute
OD0432,N117,N050,498,commercial
OD0433,N109,N108,296,commercial
OD0434,N103,N026,461,commute
OD0435,N034,N026,92,commercial
OD0436,N009,N007,406,commute
OD0437,N003,N097,315,commercial
OD0438,N065,N053,267,mixed
OD0439,N049,N104,229,commute
OD0440,N060,N087,272,school
OD0441,N059,N049,139,mixed
OD0442,N094,N013,469,commercial
OD0443,N070,N071,44,school
OD0444,N109,N093,374,commercial
OD0445,N044,N098,110,mixed
OD0446,N030,N098,257,mixed
OD0447,N005,N008,464,school
OD0448,N029,N110,270,mixed
OD0449,N084,N065,271,mixed
OD0450,N013,N042,205,school
OD0451,N109,N055,337,commercial
OD0452,N050,N021,419,mixed
OD0453,N039,N100,202,mixed
OD0454,N011,N119,339,mixed
OD0455,N054,N023,253,mixed
OD0456,N104,N056,287,commercial
OD0457,N093,N083,408,school
OD0458,N064,N050,488,commute
OD0459,N053,N079,330,mixed
OD0460,N029,N005,487,commercial
OD0461,N071,N022,179,commute
OD0462,N021,N037,243,commercial
OD0463,N112,N056,189,mixed
OD0464,N078,N036,442,mixed
OD0465,N019,N007,454,mixed
OD0466,N066,N040,326,mixed
OD0467,N030,N013,131,school
OD0468,N047,N016,110,mixed
OD0469,N050,N059,452,commute
OD0470,N006,N120,308,commute
OD0471,N071,N084,231,mixed
OD0472,N078,N025,208,school
OD0473,N055,N001,368,commercial
OD0474,N096,N018,407,commercial
OD0475,N057,N062,373,commute
OD0476,N090,N012,443,school
OD0477,N007,N017,148,school
OD0478,N063,N032,51,mixed
OD0479,N019,N091,370,commercial
OD0480,N030,N082,400,school
OD0481,N100,N026,265,mixed
OD0482,N075,N051,290,commute
OD0483,N084,N065,309,school
OD0484,N086,N026,41,mixed
OD0485,N036,N071,74,mixed
OD0486,N019,N077,270,school
OD0487,N083,N064,234,school
OD0488,N076,N078,217,mixed
OD0489,N023,N050,253,school
OD0490,N001,N053,238,mixed
OD0491,N080,N005,440,school
OD0492,N036,N087,186,commercial
OD0493,N024,N083,112,commercial
OD0494,N103,N049,266,mixed
OD0495,N058,N104,280,commercial
OD0496,N009,N006,136,mixed
OD0497,N069,N013,240,commute
OD0498,N070,N058,419,mixed
OD0499,N042,N007,497,commute
OD0500,N016,N056,66,commercial
OD0501,N101,N093,189,commute
OD0502,N100,N094,216,commute
OD0503,N011,N095,222,mixed
OD0504,N048,N007,199,mixed
OD0505,N057,N045,187,school
OD0506,N109,N092,318,school
OD0507,N114,N082,80,commercial
OD0508,N064,N092,201,commute
OD0509,N030,N105,57,commercial
OD0510,N049,N043,251,mixed
OD0511,N115,N010,337,mixed
OD0512,N067,N037,159,mixed
OD0513,N080,N046,134,school
OD0514,N046,N002,423,commute
OD0515,N057,N080,386,commute
OD0516,N101,N099,69,school
OD0517,N072,N098,169,mixed
OD0518,N091,N112,311,school
OD0519,N108,N046,220,commute
OD0520,N046,N051,206,mixed
OD0521,N109,N108,133,mixed
OD0522,N008,N010,434,commercial
OD0523,N022,N078,459,school
OD0524,N061,N090,200,school
OD0525,N067,N047,279,commercial
OD0526,N072,N094,274,school
OD0527,N036,N106,436,school
OD0528,N056,N093,244,commercial
OD0529,N039,N108,273,mixed
OD0530,N066,N094,338,commute
OD0531,N057,N033,415,commercial
OD0532,N083,N011,380,school
OD0533,N037,N018,406,school
OD0534,N076,N089,112,commercial
OD0535,N058,N078,421,school
OD0536,N103,N063,267,commercial
OD0537,N037,N096,130,commute
OD0538,N093,N040,147,commute
OD0539,N012,N056,323,mixed
OD0540,N079,N078,219,mixed
OD0541,N002,N006,232,mixed
OD0542,N048,N033,353,mixed
OD0543,N033,N062,59,commercial
OD0544,N080,N100,190,mixed
OD0545,N046,N012,210,mixed
OD0546,N108,N074,282,mixed
OD0547,N006,N060,66,commute
OD0548,N010,N008,460,school
OD0549,N102,N090,371,commercial
OD0550,N034,N063,330,commute
OD0551,N028,N104,186,commercial
OD0552,N116,N022,392,school
OD0553,N029,N120,282,commercial
OD0554,N045,N065,257,mixed
OD0555,N098,N096,459,commercial
OD0556,N058,N118,369,commercial
OD0557,N064,N063,280,commute
OD0558,N067,N027,290,school
OD0559,N103,N119,406,commercial
OD0560,N020,N079,147,commercial
OD0561,N067,N006,359,school
OD0562,N055,N065,252,commercial
OD0563,N015,N044,56,school
OD0564,N041,N038,88,school
OD0565,N064,N032,145,mixed
OD0566,N006,N042,131,commercial
OD0567,N062,N001,265,school
OD0568,N070,N002,44,commute
OD0569,N067,N016,415,commercial
OD0570,N094,N043,84,commute
OD0571,N024,N079,494,commute
OD0572,N074,N079,366,school
OD0573,N088,N073,56,school
OD0574,N033,N034,195,school
OD0575,N109,N089,493,commute
OD0576,N070,N020,113,mixed
OD0577,N099,N113,351,mixed
OD0578,N037,N116,270,mixed
OD0579,N080,N084,203,mixed
OD0580,N116,N041,66,commercial
OD0581,N069,N052,93,commute
OD0582,N087,N035,374,mixed
OD0583,N086,N111,397,commercial
OD0584,N066,N018,412,school
OD0585,N077,N052,265,commercial
OD0586,N072,N081,405,school
OD0587,N039,N079,149,commercial
OD0588,N090,N057,62,mixed
OD0589,N070,N102,259,mixed
OD0590,N120,N092,165,commercial
OD0591,N115,N117,228,commute
OD0592,N028,N029,485,mixed
OD0593,N027,N045,233,commercial
OD0594,N022,N066,309,commute
OD0595,N069,N024,215,school
OD0596,N118,N092,230,school
OD0597,N063,N087,160,commute
OD0598,N109,N110,276,commute
OD0599,N013,N091,388,commute
OD0600,N094,N081,323,school
OD0601,N069,N109,280,school
OD0602,N098,N118,333,school
OD0603,N051,N113,259,school
OD0604,N045,N017,109,commute
OD0605,N089,N112,371,school
OD0606,N004,N052,147,mixed
OD0607,N105,N061,475,mixed
OD0608,N052,N114,199,mixed
OD0609,N101,N097,88,mixed
OD0610,N098,N112,332,commute
OD0611,N081,N029,423,commercial
OD0612,N043,N100,346,commercial
OD0613,N015,N116,85,commercial
OD0614,N116,N046,322,commercial
OD0615,N105,N038,233,commercial
OD0616,N033,N084,199,school
OD0617,N110,N021,460,commercial
OD0618,N007,N027,270,mixed
OD0619,N115,N098,481,mixed
OD0620,N103,N020,72,commercial
OD0621,N052,N038,432,school
OD0622,N059,N073,327,commercial
OD0623,N076,N009,96,commercial
OD0624,N068,N082,215,commute
OD0625,N041,N021,106,commute
OD0626,N049,N106,95,commute
OD0627,N081,N003,69,commercial
OD0628,N074,N106,173,commute
OD0629,N110,N100,423,commute
OD0630,N062,N077,360,commercial
OD0631,N011,N075,350,commute
OD0632,N109,N064,450,mixed
OD0633,N024,N093,235,commercial
OD0634,N034,N088,378,school
OD0635,N031,N047,192,commercial
OD0636,N025,N053,46,mixed
OD0637,N039,N087,389,mixed
OD0638,N065,N105,77,school
OD0639,N057,N015,324,mixed
OD0640,N075,N017,437,commute
OD0641,N041,N091,65,commercial
OD0642,N041,N028,428,mixed
OD0643,N036,N064,306,school
OD0644,N039,N004,301,commute
OD0645,N006,N025,389,commercial
OD0646,N116,N114,452,school
OD0647,N092,N002,178,commute
OD0648,N051,N063,176,commercial
OD0649,N084,N092,41,school
OD0650,N005,N043,146,mixed
OD0651,N006,N048,430,commercial
OD0652,N075,N091,391,commute
OD0653,N016,N062,423,school
OD0654,N030,N087,280,commute
OD0655,N112,N111,282,commute
OD0656,N058,N064,364,mixed
OD0657,N068,N090,332,mixed
OD0658,N036,N060,119,commute
OD0659,N109,N077,468,school
OD0660,N005,N116,69,commercial
OD0661,N032,N011,316,school
OD0662,N054,N011,105,commercial
OD0663,N043,N106,250,commercial
OD0664,N079,N035,305,school
OD0665,N017,N117,134,commercial
OD0666,N077,N075,399,commute
OD0667,N080,N068,116,commute
OD0668,N108,N001,478,commercial
OD0669,N076,N120,56,school
OD0670,N010,N107,360,commercial
OD0671,N048,N001,115,commercial
OD0672,N076,N087,43,commute
OD0673,N021,N008,49,commute
OD0674,N106,N107,289,commercial
OD0675,N007,N089,281,school
OD0676,N014,N037,171,commercial
OD0677,N043,N102,314,commercial
OD0678,N030,N012,89,mixed
OD0679,N005,N050,116,school
OD0680,N050,N012,75,commercial
OD0681,N063,N061,357,commercial
OD0682,N041,N120,462,school
OD0683,N003,N110,412,school
OD0684,N098,N006,176,commute
OD0685,N038,N073,292,commute
OD0686,N093,N044,368,school
OD0687,N112,N036,144,mixed
OD0688,N054,N026,461,mixed
OD0689,N021,N025,288,commercial
OD0690,N046,N015,265,school
OD0691,N087,N004,74,school
OD0692,N011,N013,220,commercial
OD0693,N073,N057,171,school
OD0694,N038,N108,271,school
OD0695,N092,N113,272,mixed
OD0696,N028,N112,89,commercial
OD0697,N052,N084,76,commercial
OD0698,N075,N026,284,commercial
OD0699,N016,N038,293,mixed
OD0700,N093,N041,381,school
OD0701,N068,N055,331,commercial
OD0702,N036,N079,173,mixed
OD0703,N079,N014,388,mixed
OD0704,N052,N090,124,mixed
OD0705,N099,N022,392,school
OD0706,N090,N078,165,school
OD0707,N066,N057,457,commute
OD0708,N082,N119,290,commercial
OD0709,N026,N060,255,commute
OD0710,N061,N029,286,commercial
OD0711,N093,N080,197,school
OD0712,N017,N037,54,commercial
OD0713,N024,N002,160,commute
OD0714,N056,N009,415,commute
OD0715,N024,N078,135,school
OD0716,N039,N116,73,mixed
OD0717,N077,N043,170,commercial
OD0718,N077,N015,329,commute
OD0719,N113,N053,425,commute
OD0720,N095,N084,132,school
OD0721,N085,N113,209,commercial
OD0722,N054,N086,64,mixed
OD0723,N078,N046,399,commercial
OD0724,N022,N094,376,school
OD0725,N015,N113,76,school
OD0726,N040,N062,143,commercial
OD0727,N045,N064,44,commercial
OD0728,N104,N004,106,mixed
OD0729,N011,N091,407,mixed
OD0730,N103,N058,424,mixed
OD0731,N101,N038,301,commute
OD0732,N077,N031,171,commercial
OD0733,N018,N102,286,school
OD0734,N116,N093,99,school
OD0735,N111,N052,361,commercial
OD0736,N081,N028,140,commercial
OD0737,N092,N100,446,commute
OD0738,N120,N015,333,commercial
OD0739,N002,N114,146,school
OD0740,N105,N036,206,commute
OD0741,N008,N037,319,school
OD0742,N099,N051,436,mixed
OD0743,N097,N045,284,commercial
OD0744,N115,N079,103,mixed
OD0745,N031,N019,171,school
OD0746,N086,N076,82,mixed
OD0747,N003,N093,294,mixed
OD0748,N111,N090,379,commute
OD0749,N002,N097,163,mixed
OD0750,N062,N086,400,mixed
OD0751,N120,N099,93,commute
OD0752,N004,N049,213,commercial
OD0753,N077,N100,283,school
OD0754,N071,N080,108,commercial
OD0755,N024,N104,272,mixed
OD0756,N106,N006,282,commute
OD0757,N037,N050,148,commute
OD0758,N037,N036,170,mixed
OD0759,N029,N013,353,commute
OD0760,N002,N109,279,school
OD0761,N064,N066,359,school
OD0762,N016,N116,251,mixed
OD0763,N070,N013,100,commute
OD0764,N008,N042,53,mixed
OD0765,N012,N116,360,commute
OD0766,N033,N089,484,mixed
OD0767,N103,N009,313,commute
OD0768,N111,N031,438,school
OD0769,N051,N035,469,mixed
OD0770,N014,N097,372,mixed
OD0771,N091,N014,136,school
OD0772,N033,N046,138,commute
OD0773,N101,N094,325,commute
OD0774,N119,N015,327,commercial
OD0775,N117,N034,71,school
OD0776,N073,N030,90,school
OD0777,N069,N008,191,commercial
OD0778,N047,N007,125,school
OD0779,N026,N025,269,commercial
OD0780,N030,N010,201,commercial
OD0781,N051,N055,349,commute
OD0782,N071,N100,227,commercial
OD0783,N070,N020,493,school
OD0784,N090,N109,331,commute
OD0785,N036,N026,50,school
OD0786,N046,N104,296,school
OD0787,N047,N077,303,commercial
OD0788,N085,N068,383,commercial
OD0789,N089,N051,477,commute
OD0790,N113,N102,71,commute
OD0791,N096,N029,174,commute
OD0792,N015,N002,384,commercial
OD0793,N059,N067,489,school
OD0794,N054,N063,384,commercial
OD0795,N035,N055,164,commercial
OD0796,N055,N114,228,commercial
OD0797,N067,N014,62,commercial
OD0798,N119,N061,178,school
OD0799,N001,N013,260,commute
OD0800,N022,N088,458,school
OD0801,N018,N105,419,mixed
OD0802,N095,N090,70,school
OD0803,N058,N001,145,commute
OD0804,N043,N072,414,commute
OD0805,N036,N012,195,mixed
OD0806,N052,N055,280,school
OD0807,N075,N049,281,school
OD0808,N039,N037,54,school
OD0809,N093,N044,460,commute
OD0810,N057,N041,485,mixed
OD0811,N018,N087,104,commute
OD0812,N059,N022,435,commute
OD0813,N066,N043,434,mixed
OD0814,N036,N004,282,commute
OD0815,N039,N029,391,commercial
OD0816,N035,N093,180,mixed
OD0817,N013,N029,351,school
OD0818,N066,N049,303,mixed
OD0819,N012,N078,435,school
OD0820,N108,N004,279,commercial
OD0821,N003,N037,268,commercial
OD0822,N100,N014,314,commercial
OD0823,N009,N013,315,mixed
OD0824,N108,N086,81,school
OD0825,N033,N099,390,mixed
OD0826,N118,N029,220,commute
OD0827,N119,N105,80,mixed
OD0828,N032,N101,426,commute
OD0829,N004,N102,295,commercial
OD0830,N055,N114,181,commute
OD0831,N042,N102,373,mixed
OD0832,N050,N043,382,commute
OD0833,N049,N059,321,commute
OD0834,N026,N111,98,commercial
OD0835,N011,N113,343,school
OD0836,N066,N040,484,commercial
OD0837,N075,N118,154,commute
OD0838,N024,N082,158,mixed
OD0839,N026,N095,272,commute
OD0840,N092,N020,140,commercial
OD0841,N012,N081,151,school
OD0842,N020,N118,117,commercial
OD0843,N086,N040,250,commute
OD0844,N049,N087,427,school
OD0845,N014,N030,43,school
OD0846,N081,N052,488,mixed
OD0847,N073,N033,108,mixed
OD0848,N072,N018,62,commercial
OD0849,N062,N025,409,commercial
OD0850,N047,N087,448,mixed
OD0851,N051,N059,426,commute
OD0852,N028,N106,199,school
OD0853,N119,N048,107,commercial
OD0854,N045,N091,210,commercial
OD0855,N012,N101,194,school
OD0856,N120,N091,292,commute
OD0857,N102,N051,438,mixed
OD0858,N045,N025,429,commute
OD0859,N046,N074,317,commercial
OD0860,N012,N104,86,commercial
OD0861,N058,N112,370,commute
OD0862,N017,N048,226,mixed
OD0863,N003,N099,135,commute
OD0864,N042,N024,446,school
OD0865,N117,N045,182,school
OD0866,N067,N028,387,mixed
OD0867,N059,N088,437,commute
OD0868,N042,N101,352,commute
OD0869,N053,N090,257,mixed
OD0870,N053,N111,175,commute
OD0871,N035,N112,353,commute
OD0872,N097,N093,247,school
OD0873,N107,N034,454,commute
OD0874,N089,N093,173,commute
OD0875,N082,N093,64,mixed
OD0876,N007,N080,421,commute
OD0877,N049,N078,205,school
OD0878,N026,N105,176,school
OD0879,N084,N082,333,commute
OD0880,N003,N023,64,school
OD0881,N002,N013,212,commercial
OD0882,N001,N005,375,commute
OD0883,N083,N028,497,school
OD0884,N118,N054,91,commercial
OD0885,N012,N110,191,mixed
OD0886,N032,N113,55,commute
OD0887,N029,N016,398,school
OD0888,N058,N056,157,commute
OD0889,N015,N096,308,school
OD0890,N034,N080,329,commute
OD0891,N014,N062,439,commute
OD0892,N087,N089,201,school
OD0893,N094,N003,69,school
OD0894,N022,N020,371,commercial
OD0895,N036,N005,305,commute
OD0896,N040,N107,409,school
OD0897,N086,N061,417,commercial
OD0898,N117,N112,167,commercial
OD0899,N030,N095,376,school
OD0900,N105,N094,196,mixed
OD0901,N056,N026,187,school
OD0902,N017,N059,383,commercial
OD0903,N043,N120,352,commute
OD0904,N003,N084,445,mixed
OD0905,N091,N011,256,commute
OD0906,N046,N031,176,commercial
OD0907,N106,N071,273,mixed
OD0908,N060,N023,98,mixed
OD0909,N032,N031,382,commute
OD0910,N003,N025,446,mixed
OD0911,N013,N028,398,mixed
OD0912,N023,N019,333,school
OD0913,N078,N014,42,mixed
OD0914,N062,N018,399,school
OD0915,N105,N061,69,commercial
OD0916,N043,N092,392,mixed
OD0917,N081,N110,90,commute
OD0918,N060,N099,438,mixed
OD0919,N090,N103,223,mixed
OD0920,N020,N047,252,mixed
OD0921,N073,N093,186,mixed
OD0922,N032,N037,83,commute
OD0923,N029,N103,275,mixed
OD0924,N104,N054,446,commute
OD0925,N068,N052,46,school
OD0926,N091,N107,319,mixed
OD0927,N018,N115,145,school
OD0928,N032,N114,489,commercial
OD0929,N074,N115,437,school
OD0930,N084,N070,249,mixed
OD0931,N061,N104,440,mixed
OD0932,N117,N047,457,commercial
OD0933,N092,N097,385,mixed
OD0934,N039,N061,263,commercial
OD0935,N083,N017,340,school
OD0936,N107,N120,66,mixed
OD0937,N024,N095,326,mixed
OD0938,N060,N059,102,school
OD0939,N010,N088,198,commercial
OD0940,N112,N113,213,commute
OD0941,N045,N061,479,school
OD0942,N016,N095,370,school
OD0943,N020,N091,415,commercial
OD0944,N019,N052,349,school
OD0945,N025,N079,450,school
OD0946,N047,N119,469,commute
OD0947,N058,N059,129,commute
OD0948,N078,N098,334,commercial
OD0949,N088,N064,139,mixed
OD0950,N048,N117,348,school
OD0951,N031,N060,107,mixed
OD0952,N117,N031,482,commercial
OD0953,N025,N101,144,commute
OD0954,N032,N052,142,commercial
OD0955,N032,N047,396,school
OD0956,N037,N057,359,commercial
OD0957,N023,N024,320,commute
OD0958,N024,N091,321,commute
OD0959,N076,N031,316,commercial
OD0960,N068,N037,125,mixed
OD0961,N080,N108,173,commute
OD0962,N008,N089,423,commercial
OD0963,N048,N120,91,school
OD0964,N099,N017,246,mixed
OD0965,N037,N104,449,school
OD0966,N086,N065,425,commute
OD0967,N005,N077,391,commute
OD0968,N006,N085,82,school
OD0969,N031,N011,135,commute
OD0970,N018,N077,154,mixed
OD0971,N024,N036,79,commute
OD0972,N068,N027,66,school
OD0973,N029,N050,362,commute
OD0974,N003,N097,187,mixed
OD0975,N050,N088,432,commute
OD0976,N090,N005,478,school
OD0977,N021,N029,199,school
OD0978,N083,N049,387,mixed
OD0979,N108,N009,392,school
OD0980,N071,N100,197,school
OD0981,N103,N099,489,commute
OD0982,N071,N004,187,commute
OD0983,N071,N088,188,school
OD0984,N003,N029,357,commute
OD0985,N108,N067,151,school
OD0986,N046,N016,61,commute
OD0987,N057,N088,493,mixed
OD0988,N090,N048,171,mixed
OD0989,N054,N016,279,commute
OD0990,N022,N051,481,school
OD0991,N039,N058,444,school
OD0992,N034,N109,209,mixed
OD0993,N039,N109,110,commercial
OD0994,N089,N051,488,school
OD0995,N059,N006,411,commute
OD0996,N039,N042,399,commercial
OD0997,N051,N101,192,commute
OD0998,N111,N052,61,mixed
OD0999,N010,N049,375,commercial
OD1000,N084,N016,99,commute
OD1001,N054,N075,151,commercial
OD1002,N094,N117,410,commercial
OD1003,N017,N011,339,commercial
OD1004,N106,N035,48,mixed
OD1005,N016,N040,84,commute
OD1006,N056,N077,398,commute
OD1007,N025,N116,442,school
OD1008,N044,N049,181,commercial
OD1009,N117,N005,490,school
OD1010,N085,N066,188,commute
OD1011,N114,N068,220,commute
OD1012,N092,N086,284,school
OD1013,N061,N099,280,commute
OD1014,N049,N115,212,school
OD1015,N114,N006,204,school
OD1016,N081,N051,300,commute
OD1017,N081,N045,430,commute
OD1018,N015,N024,59,school
OD1019,N102,N098,264,commute
OD1020,N024,N065,273,mixed
OD1021,N024,N093,461,commute
OD1022,N085,N082,474,mixed
OD1023,N031,N047,264,commute
OD1024,N085,N001,406,commercial
OD1025,N037,N088,132,commercial
OD1026,N079,N110,256,commercial
OD1027,N011,N047,318,mixed
OD1028,N018,N023,482,commercial
OD1029,N013,N043,217,commute
OD1030,N025,N004,332,mixed
OD1031,N076,N084,201,school
OD1032,N087,N109,380,mixed
OD1033,N055,N099,254,commute
OD1034,N014,N063,295,mixed
OD1035,N022,N017,57,commute
OD1036,N063,N091,306,commercial
OD1037,N070,N109,117,commute
OD1038,N060,N100,482,commute
OD1039,N071,N102,70,mixed
OD1040,N103,N077,189,commercial
OD1041,N089,N010,375,commercial
OD1042,N068,N057,41,school
OD1043,N020,N113,307,mixed
OD1044,N117,N094,203,commercial
OD1045,N119,N032,403,school
OD1046,N075,N080,305,commercial
OD1047,N078,N028,390,commute
OD1048,N007,N064,290,commute
OD1049,N082,N116,360,commercial
OD1050,N054,N045,297,mixed
OD1051,N045,N042,210,mixed
OD1052,N103,N111,85,mixed
OD1053,N061,N034,98,school
OD1054,N118,N071,461,commercial
OD1055,N075,N065,478,mixed
OD1056,N080,N019,393,commercial
OD1057,N029,N017,394,commercial
OD1058,N034,N006,112,commercial
OD1059,N084,N042,210,mixed
OD1060,N076,N006,339,school
OD1061,N103,N021,496,commercial
OD1062,N074,N043,329,commercial
OD1063,N070,N106,496,mixed
OD1064,N062,N021,498,commute
OD1065,N004,N102,389,commercial
OD1066,N089,N024,361,commute
OD1067,N033,N081,326,mixed
OD1068,N011,N071,219,school
OD1069,N044,N119,182,commute
OD1070,N085,N094,318,commercial
OD1071,N043,N022,365,commercial
OD1072,N041,N105,420,school
OD1073,N085,N074,410,commute
OD1074,N109,N052,292,commercial
OD1075,N064,N051,269,school
OD1076,N085,N041,263,commercial
OD1077,N115,N072,459,commute
OD1078,N060,N044,242,school
OD1079,N110,N026,412,commercial
OD1080,N119,N063,284,commute
OD1081,N063,N043,227,school
OD1082,N022,N120,206,commercial
OD1083,N111,N062,217,commercial
OD1084,N010,N088,324,commercial
OD1085,N074,N054,77,commercial
OD1086,N094,N107,487,commute
OD1087,N081,N032,305,school
OD1088,N012,N060,424,commute
OD1089,N054,N059,325,school
OD1090,N105,N014,153,school
OD1091,N073,N031,289,mixed
OD1092,N063,N103,147,commercial
OD1093,N089,N068,101,commute
OD1094,N086,N120,341,commute
OD1095,N009,N026,210,school
OD1096,N013,N012,359,mixed
OD1097,N080,N070,445,commute
OD1098,N007,N008,258,commute
OD1099,N021,N088,233,school
OD1100,N010,N089,107,mixed
OD1101,N024,N063,330,commercial
OD1102,N051,N046,291,commute
OD1103,N025,N107,142,commute
OD1104,N062,N082,359,school
OD1105,N089,N071,424,mixed
OD1106,N023,N075,289,commute
OD1107,N076,N064,189,commute
OD1108,N114,N104,355,mixed
OD1109,N089,N015,343,mixed
OD1110,N044,N061,156,commercial
OD1111,N077,N039,107,mixed
OD1112,N015,N069,408,mixed
OD1113,N116,N101,212,mixed
OD1114,N052,N026,151,commute
OD1115,N099,N044,349,commute
OD1116,N111,N049,75,commercial
OD1117,N024,N036,240,commute
OD1118,N107,N108,232,commercial
OD1119,N074,N056,191,school
OD1120,N093,N015,250,commercial
OD1121,N052,N054,400,school
OD1122,N005,N062,93,mixed
OD1123,N017,N031,495,school
OD1124,N037,N012,203,mixed
OD1125,N039,N055,90,school
OD1126,N111,N079,299,mixed
OD1127,N054,N069,497,school
OD1128,N089,N034,179,commercial
OD1129,N111,N079,135,school
OD1130,N111,N078,366,commute
OD1131,N080,N026,210,mixed
OD1132,N119,N074,301,commercial
OD1133,N063,N052,499,commercial
OD1134,N049,N086,97,commute
OD1135,N017,N055,189,commercial
OD1136,N120,N030,89,mixed
OD1137,N002,N050,387,school
OD1138,N019,N073,200,school
OD1139,N058,N072,461,commute
OD1140,N016,N075,118,commute
OD1141,N035,N031,156,commute
OD1142,N109,N067,257,commute
OD1143,N039,N050,430,commercial
OD1144,N052,N023,88,mixed
OD1145,N048,N034,359,school
OD1146,N081,N099,334,commute
OD1147,N012,N095,257,mixed
OD1148,N105,N009,215,commute
OD1149,N038,N041,335,mixed
OD1150,N119,N077,369,mixed
OD1151,N034,N085,222,commercial
OD1152,N085,N052,423,commercial
OD1153,N110,N039,120,commercial
OD1154,N003,N015,72,mixed
OD1155,N013,N114,204,school
OD1156,N062,N003,389,mixed
OD1157,N043,N035,87,school
OD1158,N089,N074,105,school
OD1159,N028,N040,75,commute
OD1160,N059,N072,286,commercial
OD1161,N116,N054,272,commute
OD1162,N107,N077,348,school
OD1163,N032,N110,355,commercial
OD1164,N062,N109,208,school
OD1165,N040,N029,163,school
OD1166,N077,N088,444,commute
OD1167,N035,N031,204,school
OD1168,N099,N012,251,school
OD1169,N036,N094,152,commute
OD1170,N077,N100,275,commute
OD1171,N049,N119,113,mixed
OD1172,N083,N077,70,mixed
OD1173,N102,N063,260,mixed
OD1174,N101,N034,399,commercial
OD1175,N070,N083,131,commercial
OD1176,N056,N109,136,school
OD1177,N033,N001,57,mixed
OD1178,N035,N119,72,school
OD1179,N010,N071,472,school
OD1180,N058,N052,448,mixed
OD1181,N119,N014,191,school
OD1182,N046,N112,81,mixed
OD1183,N104,N111,48,commercial
OD1184,N088,N114,446,school
OD1185,N084,N041,363,commute
OD1186,N049,N073,486,school
OD1187,N023,N031,317,commercial
OD1188,N034,N094,444,mixed
OD1189,N095,N059,95,commute
OD1190,N117,N055,93,school
OD1191,N113,N010,488,mixed
OD1192,N007,N062,429,mixed
OD1193,N062,N069,52,commute
OD1194,N104,N062,59,commute
OD1195,N076,N055,423,school
OD1196,N108,N047,316,commute
OD1197,N107,N022,108,school
OD1198,N041,N081,189,commute
OD1199,N105,N106,387,mixed
OD1200,N042,N109,132,school
OD1201,N041,N045,338,commercial
OD1202,N112,N063,100,school
OD1203,N035,N053,493,mixed
OD1204,N080,N095,138,mixed
OD1205,N091,N011,310,commute
OD1206,N066,N012,333,school
OD1207,N112,N096,463,mixed
OD1208,N090,N116,283,school
OD1209,N087,N057,484,commercial
OD1210,N047,N073,437,school
OD1211,N076,N032,480,commercial
OD1212,N017,N004,337,mixed
OD1213,N055,N088,213,commute
OD1214,N118,N003,210,commercial
OD1215,N057,N106,228,mixed
OD1216,N101,N056,51,mixed
OD1217,N083,N033,397,commute
OD1218,N024,N092,84,school
OD1219,N019,N063,313,school
OD1220,N072,N051,59,commercial
OD1221,N010,N020,483,commercial
OD1222,N120,N016,387,commercial
OD1223,N013,N057,255,commercial
OD1224,N005,N092,301,commercial
OD1225,N019,N039,427,commute
OD1226,N010,N054,179,mixed
OD1227,N052,N068,313,commute
OD1228,N107,N071,314,mixed
OD1229,N022,N116,314,school
OD1230,N072,N001,103,commercial
OD1231,N103,N089,323,school
OD1232,N009,N018,339,commute
OD1233,N110,N018,187,mixed
OD1234,N118,N008,80,commercial
OD1235,N017,N100,58,commute
OD1236,N057,N008,178,commute
OD1237,N117,N046,157,school
OD1238,N089,N063,219,commute
OD1239,N055,N026,250,commercial
OD1240,N028,N087,184,commute
OD1241,N118,N010,134,school
OD1242,N078,N054,180,commute
OD1243,N114,N073,330,school
OD1244,N103,N027,350,commute
OD1245,N064,N030,358,mixed
OD1246,N107,N010,116,commercial
OD1247,N070,N091,194,commute
OD1248,N090,N075,291,school
OD1249,N054,N072,204,mixed
OD1250,N059,N019,341,mixed
OD1251,N013,N075,145,commute
OD1252,N054,N029,57,commute
OD1253,N051,N094,458,commute
OD1254,N027,N066,253,mixed
OD1255,N066,N065,192,commercial
OD1256,N030,N020,432,commercial
OD1257,N030,N116,458,school
OD1258,N005,N093,280,mixed
OD1259,N027,N046,469,commute
OD1260,N107,N083,190,commercial
OD1261,N081,N021,434,commute
OD1262,N028,N057,446,commute
OD1263,N007,N041,457,mixed
OD1264,N099,N076,353,commercial
OD1265,N100,N047,466,commercial
OD1266,N091,N105,468,school
OD1267,N031,N075,296,school
OD1268,N112,N088,366,commercial
OD1269,N021,N112,404,mixed
OD1270,N073,N064,399,mixed
OD1271,N103,N062,164,school
OD1272,N013,N103,77,commute
OD1273,N026,N034,470,school
OD1274,N033,N072,384,commercial
OD1275,N098,N083,419,commercial
OD1276,N103,N082,386,commercial
OD1277,N110,N073,72,commute
OD1278,N027,N043,181,commute
OD1279,N082,N081,342,school
OD1280,N102,N005,488,commercial
OD1281,N010,N076,49,school
OD1282,N090,N013,481,mixed
OD1283,N049,N023,47,commercial
OD1284,N028,N002,362,mixed
OD1285,N002,N011,436,commute
OD1286,N116,N103,397,commercial
OD1287,N105,N007,286,school
OD1288,N017,N115,436,commercial
OD1289,N014,N072,190,commercial
OD1290,N104,N070,314,commute
OD1291,N035,N043,125,commute
OD1292,N054,N009,275,mixed
OD1293,N017,N093,478,school
OD1294,N026,N052,390,mixed
OD1295,N096,N115,72,school
OD1296,N071,N044,77,commute
OD1297,N046,N099,319,mixed
OD1298,N021,N039,122,school
OD1299,N011,N069,313,commercial
OD1300,N075,N034,109,commute
OD1301,N054,N108,476,commute
OD1302,N040,N060,326,school
OD1303,N008,N020,491,commercial
OD1304,N033,N004,160,mixed
OD1305,N045,N053,347,commute
OD1306,N086,N062,376,school
OD1307,N007,N112,331,commute
OD1308,N094,N070,266,commercial
OD1309,N086,N055,225,commute
OD1310,N052,N035,384,mixed
OD1311,N055,N109,80,commute
OD1312,N037,N109,131,commercial
OD1313,N037,N072,497,commute
OD1314,N065,N074,126,mixed
OD1315,N010,N021,93,mixed
OD1316,N081,N007,66,commute
OD1317,N104,N082,254,commercial
OD1318,N026,N057,201,mixed
OD1319,N015,N091,351,school
OD1320,N013,N027,401,mixed
OD1321,N004,N073,68,commute
OD1322,N074,N067,250,commercial
OD1323,N057,N113,481,commute
OD1324,N076,N049,90,commercial
OD1325,N055,N071,245,commercial
OD1326,N028,N047,440,school
OD1327,N025,N118,340,school
OD1328,N020,N086,463,commercial
OD1329,N063,N091,139,commercial
OD1330,N109,N106,98,school
OD1331,N084,N038,41,commute
OD1332,N001,N070,376,commute
OD1333,N067,N088,417,commute
OD1334,N051,N050,391,mixed
OD1335,N119,N032,266,school
OD1336,N079,N021,156,commercial
OD1337,N083,N061,54,commercial
OD1338,N097,N071,437,commercial
OD1339,N005,N031,160,commute
OD1340,N065,N005,285,mixed
OD1341,N099,N047,347,commercial
OD1342,N048,N100,401,school
OD1343,N059,N097,262,school
OD1344,N098,N034,379,school
OD1345,N112,N072,394,commute
OD1346,N038,N006,116,commute
OD1347,N032,N078,395,mixed
OD1348,N020,N060,152,mixed
OD1349,N062,N070,309,school
OD1350,N082,N050,124,commercial
OD1351,N086,N110,44,mixed
OD1352,N095,N009,484,commercial
OD1353,N037,N085,406,school
OD1354,N035,N007,335,school
OD1355,N053,N084,297,mixed
OD1356,N068,N083,194,commercial
OD1357,N027,N097,480,commercial
OD1358,N090,N014,460,commercial
OD1359,N067,N055,265,mixed
OD1360,N003,N075,120,mixed
OD1361,N053,N010,214,commute
OD1362,N052,N056,433,mixed
OD1363,N010,N054,475,mixed
OD1364,N021,N030,167,commute
OD1365,N098,N109,186,commercial
OD1366,N112,N022,497,commercial
OD1367,N065,N108,50,school
OD1368,N071,N017,131,commercial
OD1369,N059,N039,245,school
OD1370,N080,N007,326,commute
OD1371,N043,N119,147,mixed
OD1372,N089,N041,47,mixed
OD1373,N050,N038,155,school
OD1374,N020,N037,253,commute
OD1375,N102,N092,120,commute
OD1376,N052,N092,226,commercial
OD1377,N014,N035,106,school
OD1378,N074,N016,267,school
OD1379,N114,N095,253,commute
OD1380,N029,N102,89,commercial
OD1381,N037,N026,236,school
OD1382,N031,N066,411,commercial
OD1383,N099,N011,390,commercial
OD1384,N084,N072,393,commute
OD1385,N064,N086,313,commute
OD1386,N018,N114,422,school
OD1387,N094,N026,171,school
OD1388,N054,N120,182,commute
OD1389,N058,N064,193,mixed
OD1390,N084,N055,367,commute
OD1391,N047,N108,89,commute
OD1392,N108,N109,313,mixed
OD1393,N021,N009,452,commercial
OD1394,N039,N019,241,mixed
OD1395,N032,N026,371,school
OD1396,N097,N056,93,mixed
OD1397,N078,N089,433,commute
OD1398,N021,N042,372,commercial
OD1399,N058,N041,171,commute
OD1400,N082,N081,323,mixed
OD1401,N066,N045,60,school
OD1402,N088,N004,429,commercial
OD1403,N025,N075,246,school
OD1404,N026,N059,225,commercial
OD1405,N055,N021,319,school
OD1406,N100,N025,347,mixed
OD1407,N059,N005,498,commute
OD1408,N029,N091,307,school
OD1409,N095,N062,62,mixed
OD1410,N041,N108,144,school
OD1411,N080,N067,177,mixed
OD1412,N022,N020,316,commute
OD1413,N011,N082,219,commercial
OD1414,N019,N066,140,commute
OD1415,N099,N083,139,commercial
OD1416,N080,N034,317,commute
OD1417,N047,N031,212,mixed
OD1418,N006,N060,343,commercial
OD1419,N065,N051,370,commute
OD1420,N001,N076,264,commercial
OD1421,N018,N027,271,commute
OD1422,N015,N062,395,mixed
OD1423,N058,N067,57,commute
OD1424,N014,N069,253,school
OD1425,N008,N055,249,mixed
OD1426,N034,N026,134,school
OD1427,N024,N040,460,commute
OD1428,N028,N030,166,commercial
OD1429,N017,N015,204,commute
OD1430,N090,N067,475,mixed
OD1431,N066,N075,391,commercial
OD1432,N064,N001,92,commercial
OD1433,N030,N017,382,commercial
OD1434,N082,N022,203,commercial
OD1435,N042,N105,283,commercial
OD1436,N033,N054,80,school
OD1437,N032,N108,88,school
OD1438,N109,N003,427,school
OD1439,N032,N108,483,school
OD1440,N076,N080,313,school
OD1441,N098,N045,352,commercial
OD1442,N076,N055,195,school
OD1443,N015,N116,417,commercial
OD1444,N031,N110,205,school
OD1445,N029,N067,488,school
OD1446,N097,N052,89,mixed
OD1447,N060,N054,59,school
OD1448,N042,N030,348,commercial
OD1449,N065,N042,212,mixed
OD1450,N016,N063,470,mixed
OD1451,N034,N063,98,school
OD1452,N088,N117,283,commute
OD1453,N079,N050,263,commercial
OD1454,N031,N054,175,school
OD1455,N081,N063,175,school
OD1456,N039,N031,277,mixed
OD1457,N102,N034,323,commute
OD1458,N016,N004,239,school
OD1459,N083,N034,487,commute
OD1460,N116,N036,287,mixed
OD1461,N105,N023,106,school
OD1462,N074,N018,308,school
OD1463,N103,N009,193,commercial
OD1464,N020,N120,280,mixed
OD1465,N036,N023,204,school
OD1466,N096,N056,440,commercial
OD1467,N116,N048,124,mixed
OD1468,N013,N047,74,commute
OD1469,N115,N078,313,commercial
OD1470,N004,N071,355,mixed
OD1471,N010,N034,410,commute
OD1472,N099,N065,396,commercial
OD1473,N085,N093,162,school
OD1474,N062,N114,45,school
OD1475,N070,N039,363,commercial
OD1476,N034,N028,435,school
OD1477,N096,N087,283,commute
OD1478,N090,N002,277,commute
OD1479,N052,N115,109,commercial
OD1480,N113,N016,458,commute
OD1481,N119,N089,315,commute
OD1482,N035,N093,349,commute
OD1483,N103,N037,159,commute
OD1484,N078,N004,389,school
OD1485,N053,N062,55,mixed
OD1486,N115,N026,196,school
OD1487,N071,N097,318,mixed
OD1488,N035,N053,106,mixed
OD1489,N116,N019,150,commercial
OD1490,N070,N080,83,commute
OD1491,N031,N061,159,school
OD1492,N113,N063,198,school
OD1493,N069,N009,445,commercial
OD1494,N006,N102,482,commercial
OD1495,N111,N084,469,school
OD1496,N066,N102,347,school
OD1497,N097,N056,51,mixed
OD1498,N085,N057,99,commercial
OD1499,N049,N104,253,commute
OD1500,N096,N037,284,commercial
